ID	Sequences	Gene
1110034B05Rik.1	GAAGGATGTTGCAGACATCAGA	1110034B05Rik
1110034B05Rik.10	AGAAGCGAATTACACTGTTCAA	1110034B05Rik
1110034B05Rik.2	CTCGACTTAGGATCTTGTACAA	1110034B05Rik
1110034B05Rik.3	CAAGGAAGGATGTTGCAGACAT	1110034B05Rik
1110034B05Rik.4	TAAGTCTGAGATTTATAGTATA	1110034B05Rik
1110034B05Rik.5	ACGGGACCATTCTTTAGCTTTA	1110034B05Rik
1110034B05Rik.6	CACAGATGGACTTCATTAGTAA	1110034B05Rik
1110034B05Rik.7	CAAGCAAATGGACAGTGGATTA	1110034B05Rik
1110034B05Rik.8	TTAGGATCTTGTACAAGCAAAT	1110034B05Rik
1110034B05Rik.9	GATGGACTTCATTAGTAAGAAT	1110034B05Rik
1190002A17Rik.1	AAAGGTTCCACCTCATGTACAA	1190002A17Rik
1190002A17Rik.10	CACCAAGGAGAGCTTACTAGAA	1190002A17Rik
1190002A17Rik.3	TCTGGAGCAGTACTACGATCGA	1190002A17Rik
1190002A17Rik.4	TTCCAGACAGTATCATCACCAA	1190002A17Rik
1190002A17Rik.5	ACCGGAGAGATCTATCACACCA	1190002A17Rik
1190002A17Rik.6	TCCAGACAGTATCATCACCAAA	1190002A17Rik
1190002A17Rik.7	CCAAGCACGTCATTGTGCTTAA	1190002A17Rik
1190002A17Rik.8	CCAAGAGTTACTACCAGGTTTA	1190002A17Rik
1190002A17Rik.9	AAACGGACCTGTTCTACAGGAA	1190002A17Rik
2410016O06Rik.1	TCCGACTCTAAGGATCCTAGAA	2410016O06Rik
2410016O06Rik.2	TCAGGATGGAGTCCACTCCCTA	2410016O06Rik
2410016O06Rik.3	GCTGCGCTACGAGGACGTGCAA	2410016O06Rik
2410016O06Rik.4	TTGGGTTCTATTTCATCAGTTT	2410016O06Rik
2410016O06Rik.5	CCAGCTGACAACTGAAACCCAA	2410016O06Rik
2410016O06Rik.7	TTGGCAACCATGTTATATGATA	2410016O06Rik
Ahcy.1	TTAGGATAGATTAACCAAGAAA	Ahcy
Ahcy.10	GCCGGCACTTTGAGCAGATGAA	Ahcy
Ahcy.4	TCACCAAGAGCAAGTTTGACAA	Ahcy
Ahcy.5	GAGGCTGGATGTTGCTAGTGAT	Ahcy
Ahcy.6	ACCCCAGCTTCGTGATGAGCAA	Ahcy
Ahcy.7	AAGGACAAGTGACAGACTGAAA	Ahcy
Ahcy.9 	GCTGGATGTTGCTAGTGATGGT	Ahcy
Ahcyl1.1	TCAGCTGCATCCTATACAGATA	Ahcyl1
Ahcyl1.3	CTTGGAGCAATTGTCTACATAA	Ahcyl1
Ahcyl1.4	GATGGGTTATGTGTTAATGATA	Ahcyl1
Ahcyl1.7	ATAGATGGAAGAAAGAATGATA	Ahcyl1
Ahcyl1.8	ACAGATACTAATGGACATAGTA	Ahcyl1
Ahcyl1.9	AATAGTTGTATTGTGTGCAATA	Ahcyl1
Ahcyl2.1	GTGGCTGTATTCTGTTGTATAA	Ahcyl2
Ahcyl2.10	TCTAGTTCTTACTGTCATCTTA	Ahcyl2
Ahcyl2.2	GTAGCGACTTCTGTGTCAAGAA	Ahcyl2
Ahcyl2.3	TAAGCAAGATGTGTACCTGCTA	Ahcyl2
Ahcyl2.4	ATCCCAAGTTGATCATGTGATA	Ahcyl2
Ahcyl2.5	ATAGCTTGATATCCTAAAGAAA	Ahcyl2
Ahcyl2.6	GCTCATCCTGTGTGTTAGGTTA	Ahcyl2
Ahcyl2.7	CCAGAAGACATGTTAAAGAATA	Ahcyl2
Ahcyl2.9	GCACGGTCAAGAAGCAGATTCA	Ahcyl2
Alg13.1	TTTGGATAAAGTTGTTGGATTA	Alg13
Alg13.10	GATCAAAGTAATTGATAGAGTA	Alg13
Alg13.2	TACAGTTGTGTCTAGATCCTAA	Alg13
Alg13.4	TTAGGATCATAATCTCAAGAGA	Alg13
Alg13.5	AACCACTTGTGGTAGTTGTAAA	Alg13
Alg13.6	ATAGGTAGAATGTGATAATCTT	Alg13
Alg13.7	ATTGGAAGATGTAGATAGAATT	Alg13
Alg13.8	TTACAGTTGTGTCTAGATCCTA	Alg13
Alg13.9	AAATGTTAAGACTCAAGTATTA	Alg13
Alkbh2.10	ACAGGTACAAAGATGGTTGCGA	Alkbh2
Alkbh2.3	TCTGGTCTTACCCTGACACCAA	Alkbh2
Alkbh2.4	AAAGCCCTGGGTTCCTGTTCTA	Alkbh2
Alkbh2.6	CGAGCACAGAGATGACGAGCGA	Alkbh2
Alkbh2.8	TTTCCGAGAGTTGGAGCAAGAA	Alkbh2
Alkbh2.9	CCAAGGTCCAGGTGTTCGGAAA	Alkbh2
Alkbh3.10	AGAGGATGTAACTTATCCGCAA	Alkbh3
Alkbh3.2	ACCGACAATTTGTGTTCAAAGA	Alkbh3
Alkbh3.3	AATCAAGGTTATCATTAAGCAA	Alkbh3
Alkbh3.4	TTGAGACAAATCTCTAAATCAA	Alkbh3
Alkbh3.5	CAAGGAATACCACTCCAGACAA	Alkbh3
Alkbh3.7	GCAGCAATGTGACCGACAATTT	Alkbh3
Alkbh3.8	TCTAAATCAAGGTTATCATTAA	Alkbh3
Alkbh3.9	ACGGGACCTTGCTAATCATGGA	Alkbh3
Alkbh8.10	TCACCAAGGAAGAAGAGTATAA	Alkbh8
Alkbh8.2	CAGCGATTGTTATGGATTTCAA	Alkbh8
Alkbh8.3	AAGGAAGAAGAGTATAAGTCAA	Alkbh8
Alkbh8.4	CTACGGAAGAATTTCTAGTAAA	Alkbh8
Alkbh8.5	TCCCGTTGTCTGACTTCATAAA	Alkbh8
Alkbh8.6	GTTGAAAGAAGGTTATATTAAA	Alkbh8
Alkbh8.8	CAAGGAGATAAAGATGAGCTAA	Alkbh8
Alkbh8.9	TAAGTATGGTGTTTGACATTAA	Alkbh8
Aof1.1	AAACGGTAAGTGCACAATGTTA	Aof1
Aof1.10	TTAGTTTCATATTTGTTCTAAA	Aof1
Aof1.2	CCCCTGTCAAAGTACAATATAA	Aof1
Aof1.4	TTGGGAGAGAGATGTGACTTAA	Aof1
Aof1.6	GCACGAAGTCTCAATCATCTTA	Aof1
Aof1.9	AAAGAATGTACAGTGAAGTGTA	Aof1
Ash1l.1	ACTGCAAATAGATACAGAGTTA	Ash1l
Ash1l.10	GCACGAGAAGGATGATGATGTT	Ash1l
Ash1l.2	ACAGCTAGATCTGTTCGAACAA	Ash1l
Ash1l.4	ACAAGAAAGAGATTAAATTCAA	Ash1l
Ash1l.5	GTTGGAGATCGATATAAGCATA	Ash1l
Ash1l.6	CATCAAGAGAAGTGTAGTTGAA	Ash1l
Ash1l.7	CAAGCGAAACAATGGACAATTA	Ash1l
Ash1l.9	ATAGCTTAAGTATTGAGTGTAA	Ash1l
Atm.1	CAAGGTCTACGATACTCTTAAA	Atm
Atm.10	TCAGGAAGTTCAAGAACAGGTA	Atm
Atm.2	TCACGAAGTCCTCAATAATCTA	Atm
Atm.3	TCAGCTTGTTGCAGTTATCCAA	Atm
Atm.4	ACTGAAGGATCTTCGAAGACAA	Atm
Atm.5	TACGCAGAGATCTATTCAGATA	Atm
Atm.6	TCACCTGTTTGTTAGTTTATTA	Atm
Atm.7	AAAGGACAAGACTTTCCTGTAA	Atm
Atm.8	ATCGTTTGGATGTAGAAGTTTA	Atm
Atm.9	TAAGGACTTGCGTCTTACTCAA	Atm
Atr.1	GATGCTTGTAGATAGAGTCAAA	Atr
Atr.10	ATCGGCTCTCATTCGAACTTTA	Atr
Atr.2	CTTGGTCAGCTGTCTACTGTTA	Atr
Atr.3	TTTGGTTTGTTCTTGTTCCAAA	Atr
Atr.4	TCAGGAAGGTTTATGTGACAAA	Atr
Atr.6	TCCCAAGATGCTTGTAGATAGA	Atr
Atr.7	TATGGAATGTTCTGAAACAGAA	Atr
Atr.8	TTTCGAAGAGCATGTGAAGTTA	Atr
Atr.9	TCCAGGTGACAGTTGTAATGAA	Atr
Aurkb.1	GAAGGTAATTCACAGAGACATA	Aurkb
Aurkb.3	ATTTGTCAAATGTTGAATGTTA	Aurkb
Aurkb.4	TCTCCAAGCTGCTCAAACATAA	Aurkb
Aurkb.5	ATCCCAACATCCTTCAACTCTA	Aurkb
Aurkb.6	TTTCAATTTGTCAAATGTTGAA	Aurkb
Aurkb.7	CTAGAACTCAATTCTAGCACTA	Aurkb
Aurkb.8	GAAGTTACAAACAAACAACAAA	Aurkb
Aurkb.9	GACCAGCAGAGGATCTACTTAA	Aurkb
B230120H23Rik.1	ATGGCTGTTAGTCAGTCAACTA	B230120H23Rik
B230120H23Rik.10	GAGCCTCCTTTGTGCAAATTAA	B230120H23Rik
B230120H23Rik.4	ACAGAGACCTCAAGTCAAGAAA	B230120H23Rik
B230120H23Rik.5	CTAGAGCGAGATCTCAGCTTTA	B230120H23Rik
B230120H23Rik.6	TCTGGAAGAGGAAGATCTGAAA	B230120H23Rik
B230120H23Rik.7	CCACACCTTCAAGAGAAAGATA	B230120H23Rik
B230120H23Rik.9	TCAAGAGAAAGATATTCTGGAA	B230120H23Rik
Baz1b.10 	CTAGGTGCAAAGTTTGTCGAAA	Baz1b
Baz1b.3	TTTGGAGAAAGTTGATGAAGAA	Baz1b
Baz1b.4	GTGCAAAGTTTGTCGAAAGAAA	Baz1b
Baz1b.6	GAAGAAGGAGACAGTAGTCAAA	Baz1b
Baz1b.7	CCTGTGTGACGAGTGTAATAAA	Baz1b
Baz1b.8	CTGGAGAAGAGATACCAAGAAA	Baz1b
Baz1b.9	TGAGGTGCAAGACGAATTTCTA	Baz1b
BC006779.2	TCACTGTGGAAGTGCTGTCTAA	BC006779
BC006779.3	TCCGGGAGTATTTCCACGACTA	BC006779
BC006779.4	ACCGGAGTGACTGTGACCTCTA	BC006779
BC006779.6	CCCGCATCATGATCCCTATCAA	BC006779
BC006779.7	TCTGCAAGACCAGTACCTTCAA	BC006779
BC006779.8	TCTCGTTCGAACTACCGACAGA	BC006779
BC006779.9	TCTGGACATTTGAGCTCAAGAA	BC006779
Brca1.1	GCAGGAGGAAAGTGGATAGTTA	Brca1
Brca1.10	AAAGGTGACAGCTAAAGGTAAA	Brca1
Brca1.3	CCTGCTGGATGATGTTGAAATA	Brca1
Brca1.4	GTAGGAATTGTGAGCAAGATAA	Brca1
Brca1.5	GAGGGACGATTTGAGAGACATA	Brca1
Brca1.6	TCAGGAGAAAGTAGAAATGGAA	Brca1
Brca1.7	AAAGGAGATGTTGTGACTGGAA	Brca1
Brca1.8	GAACCATGTGACTGAAATTATA	Brca1
Carm1.1	ACAGGATAGAAATCCCATTCAA	Carm1
Carm1.10	CTACGACCTGAGCAGTGTTATT	Carm1
Carm1.2	TTGCGTTCACATTCATGTTCTA	Carm1
Carm1.4	TCTGGTTCGATGTTGCTTTCAT	Carm1
Carm1.5	CAAGGACAAGATCGTTCTAGAT	Carm1
Carm1.7	CTTCAAGGACAAGATCGTTCTA	Carm1
Carm1.8	TCACATTCATGTTCTACTTAAT	Carm1
Ccdc40.1	GCAGAGCAAGATAGACAAGAAA	Ccdc40
Ccdc40.2	ACACGGAGGAGATGCTGAACAA	Ccdc40
Ccdc40.4	AAGGGCAGAGCAAGATAGACAA	Ccdc40
Ccdc40.6	AAAAGACCATGACAGAACTCAA	Ccdc40
Ccdc40.7	TCACCAAGACAGAGTTCCACTA	Ccdc40
Ccdc40.9	CCTCCAGCAAGATGACCAAGTA	Ccdc40
Cdc6.1	GCTGATGTATGTTTGTCAGCAA	Cdc6
Cdc6.2	GCCGGATTCTGCAAGACTTCAA	Cdc6
Cdc6.3	GATGGATCAGCTGGACAGCAAA	Cdc6
Cdc6.4	TAAGGTCGTTTGGAAACAGTTA	Cdc6
Cdc6.7	ACAGAGACTCCAGAAACAACAA	Cdc6
Cdc6.8	CCAAGCACTCACTCATAGAATA	Cdc6
Cdk2.2	CTCCAGTGTTCTGTTAATATTA	Cdk2
Cdk2.4	TCCGAGAGATCTCTCTCCTTAA	Cdk2
Cdk2.5	TCTGCACCAGGACCTCAAGAAA	Cdk2
Cdk2.6	ATCCGAGAGATCTCTCTCCTTA	Cdk2
Cdk2.8	CCTCCAGTGTTCTGTTAATATT	Cdk2
Cdk2.9	TTCGGCCTCACCTAGCAATCAA	Cdk2
Cdyl.1	CTAGGTTTGCAATCATATTGAA	Cdyl
Cdyl.10	TTACTTGCTAAGTTATGAATTA	Cdyl
Cdyl.2	TCGAGTGTTACTTGCTAAGTTA	Cdyl
Cdyl.4	GACCGAAAGAGAGAAAGCACTA	Cdyl
Cdyl.5	AAACAGTTCTGATCAAACTTAA	Cdyl
Cdyl.6	ACAGAGATATTGTCGTCAGGAA	Cdyl
Cdyl.7	CACGGTTTCGTGTTCACGAGTA	Cdyl
Chd1.1	TTTGGATCATCTTGTTATTCAA	Chd1
Chd1.10	CTCCAGAAGATGTGGAATATTA	Chd1
Chd1.2	TATGGATGAAGATGACATTGAA	Chd1
Chd1.3	AAAGCTACTTGTTTACATTGTA	Chd1
Chd1.7	ACAGGAAATGGATATCGATGAA	Chd1
Chd1.8	ACTGAGAACTGTTGATATGTAA	Chd1
Chd1.9	GATGGTGCGGATGTTAGACATA	Chd1
Chd1l.3	GCAGGACTATATGGACTACAGA	Chd1l
Chd1l.4	TCCAGTTAAGTGAGATTCTCAA	Chd1l
Chd1l.6	ATTGCCTATGTTTGAATAATAA	Chd1l
Chd1l.7	TACCGAACGACTTATCCGGAAA	Chd1l
Chd1l.8	CCAGTTAAGTGAGATTCTCAAA	Chd1l
Chd2.10	GAACCATCACGATTTAATGTTA	Chd2
Chd2.2	TCAGGAAATGGATATAGATGAA	Chd2
Chd2.3	GTTGGAACTCAGTAGAATCAAA	Chd2
Chd2.4	GTTGGTAGAAGTTACAAATTAT	Chd2
Chd2.6	TCAGATAGTAGAGAGAGTAATA	Chd2
Chd2.7	ACTGGAGAATTTCAAGAAGAAA	Chd2
Chd2.8	TCAGAAGGTTCATCAAGGCTTA	Chd2
Chd2.9	GTTGAAGTTCAATGCACTTATA	Chd2
Chd3.1	ATGGCTACAAGATAGATCATAA	Chd3
Chd3.10	AACGGAAGAAGCTCGACAGTGA	Chd3
Chd3.3	CAGGGAGAAGTCTGAAGATGTA	Chd3
Chd3.4	ACTGGGATTCAATACTCGACAA	Chd3
Chd3.5	ATCGGTTGTACATATAAATTAT	Chd3
Chd3.6	GAAGCTCGACAGTGAAGAGGAA	Chd3
Chd3.9	TCCCAGAGTACGACGACCATAA	Chd3
Chd4.10	CCAAGACAGGCTCAATGTCTAA	Chd4
Chd4.2	TGAGGACGACGATTTAGATGTA	Chd4
Chd4.3	CTCGAGTGAGGACGACGATTTA	Chd4
Chd4.4	CCACAGTCACTAAGAAGACTTA	Chd4
Chd4.5	GAGGGAGAAGACAGCAGTGTTA	Chd4
Chd4.6	ACTGTCAGGTGATGTTCAGAAA	Chd4
Chd4.7	GCAAGTCAGAGAAAGAATTTAA	Chd4
Chd5.1	ATAGCTACAAGATCGACTACAA	Chd5
Chd5.10	GCCAGGCGATAACAAAGATGTA	Chd5
Chd5.2	ACCCGAGATACATGATCCTAAA	Chd5
Chd5.3	CCTGCTAGAGAGTGATAGGATA	Chd5
Chd5.5	CCACCAAGAAGAAGAAGAAGAA	Chd5
Chd5.6	GAAGCTGAAGGACGATAAACAA	Chd5
Chd5.7	ATTGCAGAAGATGCTCAAGAAA	Chd5
Chd5.8	TCCGCAAGCAGGTCAACTACAA	Chd5
Chd6.10	TAACGATCTATAAGAAAGAAGA	Chd6
Chd6.2	TCCAGAAGATGATGCAAACATA	Chd6
Chd6.3	ACTGGAGCTGTGTGATAATTGA	Chd6
Chd6.4	CCTGACCAAAGGTGCAAATCAA	Chd6
Chd6.5	CCAGGTTCACTTCGGTGTTACA	Chd6
Chd6.6	AATGCTGCTCACTGTTGAACTA	Chd6
Chd6.7	CAAGGAGCTATGCAGACCTGAA	Chd6
Chd6.9	GCACAGAAGATCAAGCGATTTA	Chd6
Chd7.1	AAGGGTTCCTGTTGTTAACAAA	Chd7
Chd7.10	TCACAGTTAATGTTCATACCTA	Chd7
Chd7.2	GAAGAAGATTAGTTAAGGATTA	Chd7
Chd7.3	CATGCTGTACTACCTAAGACAA	Chd7
Chd7.4	CAAAGAAGAGACTATTATTGAA	Chd7
Chd7.5	GCTGAAGCAGGACATAGATCAA	Chd7
Chd7.6	CAGCGAGAGCAATGCTGAGTTA	Chd7
Chd7.8	GCAGGAATCTGTTGATGCAGAA	Chd7
Chd8.1	GCCGACTCACCTCACAAGACTA	Chd8
Chd8.10	TAAGGATTGTGAAGATCCTGAA	Chd8
Chd8.2	GCAAGTTAGTTCTCATTGACAA	Chd8
Chd8.3	GATGAAGAAGGATTGAAGTTAA	Chd8
Chd8.4	TACAGTTCAGATCAAAGATGAA	Chd8
Chd8.5	GTTAGTTCTCATTGACAAGTTA	Chd8
Chd8.6	GACGAGAAGGAAGAGAAGTTAA	Chd8
Chd8.8	GCTGCTACTGCAGGAAAGACAA	Chd8
Chd9.1	CAAGGAAGAGACTATTATTGAA	Chd9
Chd9.10	GCTGGTGTTGCCTTGTGGTCTA	Chd9
Chd9.2	ACTGGTCCTCATTGATAAGTTA	Chd9
Chd9.3	GCAGACAGATGATACAGCAATA	Chd9
Chd9.4	CTACGTTGAAGTAGACAGAATA	Chd9
Chd9.5	GCAGCTAATGAATGTCATGAAA	Chd9
Chd9.6	ACCCAAACAAACTAGATATCAA	Chd9
Chd9.9	GAAGATCAAATCGACAAATTAA	Chd9
Chrac1.1	TCGCAGATATATTACCAAAGAA	Chrac1
Chrac1.2	CCCGCATCCGAGTCATCATGAA	Chrac1
Chrac1.4	CTCCCGAGGTGTCGAGCATCAA	Chrac1
Chrac1.6	GCAGATATATTACCAAAGAAGA	Chrac1
Chrac1.7	TCAGTTTCTCGCAGATATATTA	Chrac1
Chrac1.8	ACTGCAACTTTGTCTCAGACTT	Chrac1
Chrac1.9	CACCACTGAACCTCACATTGAA	Chrac1
Clock.1	GATGGACAAGTCTACTGTTCTA	Clock
Clock.10	ATCAGTTCAATGTCCTCATTAA	Clock
Clock.2	CAAGGAAATGTGTACTGTTGAA	Clock
Clock.3	TTTGAATAGTTGTGATAGCAAA	Clock
Clock.4	AAAGGCAAATCGTGTTACTATA	Clock
Clock.5	TCTGAGTAGATATACAGAACTA	Clock
Clock.6	TTAGCAGCAGTGTCATTCTCAA	Clock
Clock.9	ACAAGTCTACTGTTCTACAGAA	Clock
Coq5.1	CCAGCACGATTGCAATTCTCAA	Coq5
Coq5.10	GAGGAGACAGAGGAGACAGCTA	Coq5
Coq5.2	TTCAGACCAGATTGGAATCTAA	Coq5
Coq5.4	TCCGCAGAAGCAAACAGAAGTA	Coq5
Coq5.6	TTTGGTGCTCCGCAGAAGCAAA	Coq5
Coq5.7	CCTGACACTAGGCTTTATACAA	Coq5
Coq5.8	CCAAGAAGTACGATCTGATGAA	Coq5
Crebbp.1	GATGCATCAGATTTGTGTTCTA	Crebbp
Crebbp.4	ATCAGATTTGTGTTCTACACTA	Crebbp
Crebbp.5	ACAGAGCATGGTCAATAGTTTA	Crebbp
Crebbp.6	TAAGGAACTAGAACAAGAAGAA	Crebbp
Crebbp.7	TATGGACCTTTCTACCATCAAA	Crebbp
Crebbp.8	TCAGATTTGTGTTCTACACTAT	Crebbp
Crebbp.9	TCTGCATGAATGCTAACTTCAA	Crebbp
Dapk3.1	GCAGCGAGTTCAAGAACATCTT	Dapk3
Dapk3.2	CCACGCAGTTCCTCAAACAAAT	Dapk3
Dapk3.3	CTGGCAGCGAGTTCAAGAACAT	Dapk3
Dapk3.4	ACAAGACAGATGTGGTGCTGAT	Dapk3
Dapk3.5	GCAGTTCCTCAAACAAATCCTA	Dapk3
Dapk3.7	CATGACGTGTTCGAGAACAAGA	Dapk3
Dclre1c.1	CTACATAGTCAATGTTGGTTAA	Dclre1c
Dclre1c.2	AAACAATCTACCAGACAGTTAA	Dclre1c
Dclre1c.3	ATTGCAGAGTCAACTAACTATA	Dclre1c
Dclre1c.5	CCAAGAGCACAATGATGTGAAA	Dclre1c
Dclre1c.6	GCACAGTGTTTACAGAAGATAT	Dclre1c
Dclre1c.7	ACTGCATAATTTCATTACTTAA	Dclre1c
Dclre1c.8	AAAGCACAGTGTTTACAGAAGA	Dclre1c
Dclre1c.9	ATACAAGAAGTCAGATATCCAA	Dclre1c
Dmap1.1	TAAGGCAGAGACTGACCACCTA	Dmap1
Dmap1.2	CCTCAGAGACGCTGACCTTCAA	Dmap1
Dmap1.4	GGAGCGACCTGGTGTTACTCTA	Dmap1
Dmap1.5	TATGGTGTAAATAGAGCTGTTA	Dmap1
Dmap1.6	CCAGCTCATCTTCTGTGAAGAA	Dmap1
Dmap1.7	CGCAGATGTACGAGACATTCTA	Dmap1
Dmap1.8	CCAGCTCTGTGGGTCAGAAGAA	Dmap1
Dmap1.9	GCCAGGCACAGATCTCAAGATA	Dmap1
Dnmt1.1	CCAGGTAGAGAGTTACGACGAA	Dnmt1
Dnmt1.10	CCTCGACCTGGTTTGATACTTA	Dnmt1
Dnmt1.2	CAAGAAGTTTGTTAGCAACATA	Dnmt1
Dnmt1.3	TCCCGAAGATCAACTCACCAAA	Dnmt1
Dnmt1.5	GCAAGGTCAAGGTCATCTACAA	Dnmt1
Dnmt1.6	CAAGGTCAAGGTCATCTACAAA	Dnmt1
Dnmt1.7	AAAGGAGGATCCAGACAGAGAA	Dnmt1
Dnmt3a.10	GCGGGAGGATGATCGAAAGGAA	Dnmt3a
Dnmt3a.3	GTTGAATGTTTGTTTATATATA	Dnmt3a
Dnmt3a.4	GCTGGTGCTAATTCCTCTCATA	Dnmt3a
Dnmt3a.6	CCAGAAGGAAGAAGTCAGCAAA	Dnmt3a
Dnmt3a.7	TAAGGTGAAGTTGTCTCGTTTA	Dnmt3a
Dnmt3a.8	TCTCGCGATTTCTTGAGTCTAA	Dnmt3a
Dnmt3a.9	CCTGGAAGAACCTTGCGTTTAA	Dnmt3a
Dnmt3b.10	AATGACAAGAAAGACATCTCAA	Dnmt3b
Dnmt3b.11	TGAAGATGATGTTTATGGTTTA	Dnmt3b
Dnmt3b.13	GAAGGACTACTTTGCCTGTGAA	Dnmt3b
Dnmt3b.15	GTTCAGTAGGACAGCAAAGTTA	Dnmt3b
Dnmt3b.2	CATGAAAGTGAATGACAAGAAA	Dnmt3b
Dnmt3b.4	TCAGTAGGACAGCAAAGTTAAA	Dnmt3b
Dnmt3l.1	TCAGGTACGAAGTCAAAGTGAA	Dnmt3l
Dnmt3l.2	TCCCGCTGAGAGAGTACTTCAA	Dnmt3l
Dnmt3l.3	AAAGGAAGAAGAGTATCTGCAA	Dnmt3l
Dnmt3l.4	GATGATCAGGTACGAAGTCAAA	Dnmt3l
Dnmt3l.5	GCTGGTACATGTTCCAGTTCCA	Dnmt3l
Dnmt3l.6	GTACGTGGAAGATGTCACAAAT	Dnmt3l
Dot1l.10	ACTGGTCCAGTTTGTACTGTCA	Dot1l
Dot1l.3	TCAGGAAGTGGATGAAATGGTA	Dot1l
Dot1l.4	ACCCGGAGAAGCTTAACAACTA	Dot1l
Dot1l.6	CCCAGATGATTGATGAGATCAA	Dot1l
Dot1l.7	ATAGAGATTTGATGGAGATTTA	Dot1l
Dot1l.9	AAAGGAGGATTGTGTTCAGCAT	Dot1l
Dzip3.10	GCTGTAGATAGTTGGAATGCTA	Dzip3
Dzip3.2	GCCAGTTGTCTATCAAAGCTTA	Dzip3
Dzip3.3	CAAGGAATTACTCTACAGTCAA	Dzip3
Dzip3.4	CCTGGATGAACTGCATATTCTA	Dzip3
Dzip3.6	CAAGGAAGAAACTGAGATTATA	Dzip3
Dzip3.8	TTAGGAGCAAGTTACAAGAATT	Dzip3
Dzip3.9	CAAGGCAGGTAGCTATACCTAA	Dzip3
Ehmt1.1	CAAAGACCATAGAGAAGTTCAA	Ehmt1
Ehmt1.10	AAACGAAGAATGGGAACCTATA	Ehmt1
Ehmt1.2	ATAGAGAAGTTCAAGACCATAA	Ehmt1
Ehmt1.5	CACCCTTGATCTTCGAGTGCAA	Ehmt1
Ehmt1.6	ACCGAGGATAGTAGGACTTCTA	Ehmt1
Ehmt1.7	ACTGGTGTTTCTTTGCTAGGAA	Ehmt1
Ehmt1.8	CTACGACTGTGTTGTCCTCTTT	Ehmt1
Ehmt2.1	ACTGCGAGACATCGACCATGAA	Ehmt2
Ehmt2.10	GCACAGGACAGGTGGACGTCAA	Ehmt2
Ehmt2.2	GAAGGTGATCCTTATGCTGTTA	Ehmt2
Ehmt2.3	CAAGTCTGAAGTCGAAGCTCTA	Ehmt2
Ehmt2.5	CCCCCCTGATCTTTGAGTGTAA	Ehmt2
Ehmt2.6	TTTCATGCTGCACCAAGATCTA	Ehmt2
Elp3.1	TCGGGAGAAGATTATTTATATA	Elp3
Elp3.10	GATGGTTTGAAGCTCTACCCAA	Elp3
Elp3.2	TCAGAAGCTTCTCTGCATGTTA	Elp3
Elp3.3	ATCGAAAGATCTTGATTCCTAA	Elp3
Elp3.4	CATGGTCCAGAATCCACAGCTA	Elp3
Elp3.5	AAAGATCTTGATTCCTAAGCTA	Elp3
Elp3.6	GCACAGACAAGCTGTCAGACAT	Elp3
Elp3.7	GCAGCACAGACAAGCTGTCAGA	Elp3
Elp3.8	TATCGAAAGATCTTGATTCCTA	Elp3
Elp3.9	CCTGACAGAAGATTCAAGTGCA	Elp3
Ep300.1	TCAGCAGCGACTTCTTCAACAA	Ep300
Ep300.10	TAAGGTTGATTACTTATAAATA	Ep300
Ep300.3	CCAGGTACAAGCAAAGAATCAA	Ep300
Ep300.4	CTTGGACTACCCTATCAAGTAA	Ep300
Ep300.5	CAAGCTACTGAAGATCGATTAA	Ep300
Ep300.6	CAAAGACTGTTCTACCAAATAA	Ep300
Ep300.8	GAAGGACTAGACTACAGAAACA	Ep300
Ep300.9	CTCGGTTGTATCTCCGAAAGAA	Ep300
Ep400.1	AAAGGACAAGATGTCCTACTAA	Ep400
Ep400.10	GCTCAAGGAAATGACTATTCAA	Ep400
Ep400.2	CCAGGACGGTTCTCAGGATAAA	Ep400
Ep400.4	AAAAGGACAAGATGTCCTACTA	Ep400
Ep400.6	TAAGAAGCTTGTCAGAACTGTA	Ep400
Ep400.7	TCTCCGAGACTATCAGAAGATA	Ep400
Ep400.8	ACAAGATGTCCTACTAAGCAAA	Ep400
Ep400.9	ACAGTGTTCTTGTGACAAGCTA	Ep400
Ercc1.1	GCTGGTTCAAGTGGATGTGAAA	Ercc1
Ercc1.10	AAAACAGGAGCAAAGTCTAATA	Ercc1
Ercc1.2	ACAGGAGCAAAGTCTAATAGCA	Ercc1
Ercc1.3	CAGGGCGGTACCTGGAGACCTA	Ercc1
Ercc1.4	TCAGCATCTGTGTTCCTGTCAT	Ercc1
Ercc1.5	GCCGGAAGTGAGTCTAGCAGGA	Ercc1
Ercc1.6 	AAAGCTGGAGCAGAACTTCCTA	Ercc1
Ercc1.7 	CCGTGTTGAAGTTTGTGCGCAA	Ercc1
Ercc1.8	GCTGGAGCAGAACTTCCTATCA	Ercc1
Ercc1.9	CCTGGCCTGGAGTGCAGAGGAA	Ercc1
Exosc10.1	CCAGGTCCAGAAAGAACCTAAA	Exosc10
Exosc10.10	CGAGAGAAGATCGACAATTCTA	Exosc10
Exosc10.2	ATTGGAGGACAAGTTTGATTTA	Exosc10
Exosc10.3	CAACATCAAAGACCGAAGTAAA	Exosc10
Exosc10.4	GGAGGACAAGTTTGATTTATTA	Exosc10
Exosc10.8	TTAGAGCATCACTCTTACAGAA	Exosc10
Exosc10.9	TCACTCTGTTCAGTGAACCTAA	Exosc10
Ezh1.10	TCTGCAGAACAGAGGTACATTA	Ezh1
Ezh1.2	GTCGCTGTAAGACTCAGTGCAA	Ezh1
Ezh1.4	TCCCAGGAGAGTTCAGATGTAA	Ezh1
Ezh1.7	TCAAGGAGTCTGTGCAGAAGAA	Ezh1
Ezh1.8	GCAGAACAGAGGTACATTATAA	Ezh1
Ezh1.9	GCTGGTCATGAGGAATGCTTTA	Ezh1
Ezh2	TGCTCTTACTGCTGAGCGTATA	Ezh2
Ezh2.b	GGCACTTTCATTGAAGAACTAA	Ezh2
Fancl.1	TAAGCAAGAGTTGTGTGTACAA	Fancl
Fancl.10	TTGGAAGTTGCTTTAAAGAATA	Fancl
Fancl.5	GCAGGATTGCATTAGGAAAGAA	Fancl
Fancl.6	CAAAGACCTTCTTACTGAGATA	Fancl
Fancl.7	AGAGCTCCTTGGTAGATGTTTA	Fancl
Fancl.8	CACGCAGGATTGCATTAGGAAA	Fancl
Fancl.9	TTTGGTGACTGTCCCTATTGTA	Fancl
Fbxo11.1	AAAGGCTGTTAGTAGAGGACAA	Fbxo11
Fbxo11.10	ACAGATAGTAATCCTACGCTAA	Fbxo11
Fbxo11.3	CCTGGTAAATTCTACCAGATTA	Fbxo11
Fbxo11.4	AAGGGACAGAAGTGAAGAAATA	Fbxo11
Fbxo11.5	GAGGACAGTTCATAGAGAACAA	Fbxo11
Fbxo11.6	GCAGGTTGGTGTTTATTTCTAT	Fbxo11
Fbxo11.7	GACCAGTATATATACAGCTCTA	Fbxo11
Fbxo11.8	AAACAGTTGTCCTATTGTTCGA	Fbxo11
Fbxo11.9	GCACACCAGTTCTAAGAAGAAA	Fbxo11
G2e3.10	TTTAGAAGACAGTCCTGTTTAA	G2e3
G2e3.3	AATGGTTGTACAAACCGTTCAA	G2e3
G2e3.4	GCCGAGACTACAACGAACCTAA	G2e3
G2e3.5	GCACGACATCACTCTCTTGTAA	G2e3
G2e3.6	GTCAGTGGATGTTTAAGACTTA	G2e3
G2e3.7	AAAGGCTATAGAGGATGGTAAA	G2e3
Gsg2.1	TTTGGAGAAGTGTTTCAGATAA	Gsg2
Gsg2.10	CAAGATTCTGAATAAGATGAAA	Gsg2
Gsg2.2	TCACAGACAAGATTCTGAATAA	Gsg2
Gsg2.3	ATAAGATGAAATTTAAGACTAA	Gsg2
Gsg2.4	CAAGATGCAGAGCAGAGAGCAA	Gsg2
Gsg2.5	GCCGGAGATCATTATCTCCAAA	Gsg2
Gsg2.7	TAAGATGAAATTTAAGACTAAA	Gsg2
Gsg2.8	GACCCTGCATGTCACAGACCAA	Gsg2
Gtf3c4.1	TCAGGTGACTATTAGAAGTAAA	Gtf3c4
Gtf3c4.10	AAACAGAAGTTGCTGAGTGCAA	Gtf3c4
Gtf3c4.2	CCAGAAGTGTAGCTGTAGCTTA	Gtf3c4
Gtf3c4.4	CCTGCAGGAGAAGAGCAAAGAA	Gtf3c4
Gtf3c4.5	TCATGCTAGACAGGATGTTCAA	Gtf3c4
Gtf3c4.7	ATAGGAAATACAGAACATGAAA	Gtf3c4
Gtf3c4.8	GTGGAAAGAAATGGACAAGTTA	Gtf3c4
Gtf3c4.9	AAAGCAGTGAAAGGCTACTTTA	Gtf3c4
Hat1.10	ATAAATGATTGGTTGTAGTATA	Hat1
Hat1.2	TTCCGTGTTGAATATTCATCTA	Hat1
Hat1.3	TAGGCTACATGACAGTCTATAA	Hat1
Hat1.4	AAACTAGCAGAGTACAAGTGTA	Hat1
Hat1.7	TAAGTTATAATGTGGTGCTTAA	Hat1
Hat1.8	TCAGATGAACCAGATAGAAATA	Hat1
Hat1.9	GCTGATACTGACTCCATTTCAA	Hat1
Hdac1.10	AGAGGAAAGTCTGTTACTACTA	Hdac1
Hdac1.3	GTTGCTTCAATCTGACCATCAA	Hdac1
Hdac1.4	AAGGGGTCAAAGAAGAGGTCAA	Hdac1
Hdac1.5	TCGCAAGTGCTGTGAAGCTTAA	Hdac1
Hdac1.7	GCAAGCAGATGCAGAGATTCAA	Hdac1
Hdac1.8	GCACCAAGAGGAAAGTCTGTTA	Hdac1
Hdac1.9	ACGGGGATGTTGGAAACTACTA	Hdac1
Hdac10.10	GCAGTACGATGCTGTCTACTTT	Hdac10
Hdac10.2	ATGGATTCTGTGTGTTCAACAA	Hdac10
Hdac10.3	ATTGGATGTACTCATTCAGCGA	Hdac10
Hdac10.4	GCCGGATTTGTGCTGTGTTGGA	Hdac10
Hdac10.8	CCAATGGATTCTGTGTGTTCAA	Hdac10
Hdac10.9	CTAAGCAGTACGATGCTGTCTA	Hdac10
Hdac11.10	GTACCAGCATGTACCAGAGAAA	Hdac11
Hdac11.2	ACAGACCTTGAGTGAGCTACAA	Hdac11
Hdac11.3	CCAGAGTCACCAGTTGTCTAAA	Hdac11
Hdac11.4	CAAGGTGATCAACTTCCTGAAA	Hdac11
Hdac11.5	ACCCCACAGTACTAATAGTGCA	Hdac11
Hdac11.7	GTTGGCTTACTTCCTCACTTTA	Hdac11
Hdac11.9	ACACGTTTGGGATGAGTGTTTA	Hdac11
Hdac2.1	CTACGATCAATAAGACCAGATA	Hdac2
Hdac2.10	GCAAGAAGAAAGTGTGCTACTA	Hdac2
Hdac2.2	CAGGCTTGGTTGTTTCAATCTA	Hdac2
Hdac2.3	CTAGGATTGAAGAAGACAAGAA	Hdac2
Hdac2.5	TACGATCAATAAGACCAGATAA	Hdac2
Hdac2.6	TCCAGAGGATGCTGTTCATGAA	Hdac2
Hdac2.7	GCGGCAAGAAGAAAGTGTGCTA	Hdac2
Hdac2.8	CTTGCTGCTAAATTATGGTTTA	Hdac2
Hdac3.10	CTGCTATGTCAATGACATAGTA	Hdac3
Hdac3.2	ACAGATGATGATGTGTATAATA	Hdac3
Hdac3.3	ATAAGAAGATGATCGTCTTCAA	Hdac3
Hdac3.4	CACAGAGACTGTTAGAGATGAA	Hdac3
Hdac3.5	ACAGAGACTGTTAGAGATGAAA	Hdac3
Hdac3.6	CTTGCTAGTTACCGATGTATGA	Hdac3
Hdac3.7	ATTCTTGCTAGTTACCGATGTA	Hdac3
Hdac3.8	AAACAGATGATGATGTGTATAA	Hdac3
Hdac3.9	TACAGTTCTTGCTTCCATGCAA	Hdac3
Hdac4.1	GCAGCTGCACCTCAGCAAGATA	Hdac4
Hdac4.10	CCAGTGTGTACATCCATGCTTA	Hdac4
Hdac4.3	CTTGGTGCTCTCTTGAGTACAA	Hdac4
Hdac4.4	CCACAGGGATACTGAACTCAAA	Hdac4
Hdac4.5	CAGGCGTGGGTTTCAATGTCAA	Hdac4
Hdac4.6	GCAGCAGAGGATCCACCAGTTA	Hdac4
Hdac4.8	GCAGGAACTCCTAGCACTGAAA	Hdac4
Hdac5.1	ACCGGCAGAAGCTGGACAGCAA	Hdac5
Hdac5.10	TCACCACAGGTGTGGTCTATGA	Hdac5
Hdac5.4	ACACGTTCATGCTGAAGCACCA	Hdac5
Hdac5.5	GAAGGCTCTACAGAAAGTGAGA	Hdac5
Hdac5.7	CCACACTAGAGAAAGTCATCGA	Hdac5
Hdac5.9	GCAGGAGAGCTCAAGAATGGAT	Hdac5
Hdac6.1	CCAGGTGCTTATTTAAGTACAA	Hdac6
Hdac6.2	ATTGGTGTTTGATGAACAACTA	Hdac6
Hdac6.3	CCAGGAGGAAGATGAAGTGGAA	Hdac6
Hdac6.4	AAGGAAGAATGCTCTAGTTCTA	Hdac6
Hdac6.5	ACTGGGTGTGTCTGACTTGCTA	Hdac6
Hdac6.7	GCAGGTCAGCATATTTAATAAA	Hdac6
Hdac6.8	TGAGGATGACCCTAGTGTATTA	Hdac6
Hdac6.9	CATGCTGGAGTCCTGTGTTGTA	Hdac6
Hdac7.10	TCAGAAGAAAGCTGGAAACAGA	Hdac7
Hdac7.2	GCCCGCTCTCAGACTCAGATAA	Hdac7
Hdac7.4	CCCGCTCTCAGACTCAGATAAA	Hdac7
Hdac7.6	CTCGGTGATGCTGAAACACCAA	Hdac7
Hdac7.7	CACCGACCTTGCCTTCAAAGTA	Hdac7
Hdac7.9	ACAGCTACAGCAACACGGCAAA	Hdac7
Hdac8.10	CCACAGAAGGGATATTTGACTA	Hdac8
Hdac8.4	GGAGATCCAATGTGTTCCTTTA	Hdac8
Hdac8.5	GATGCACTCCAGTTGTTCTTAA	Hdac8
Hdac8.6	CAAGTGTCTGAAGTATGTCCTA	Hdac8
Hdac8.8	GATCCAATGTGTTCCTTTAATA	Hdac8
Hdac8.9	CAGGATGAGAAGTACTATCACA	Hdac8
Hdac9.10	CCAGGTCTTAGAAACATGTCAA	Hdac9
Hdac9.3	CAGCGATGAAGATGCTCAGATA	Hdac9
Hdac9.4	AACCACTGTGTATCTAAAGTTA	Hdac9
Hdac9.5	CTAGATGCATAATTGTAATAAA	Hdac9
Hdac9.6	CTGGGAGAAGGCTACAATGTAA	Hdac9
Hdac9.7	TTTGGTCTCTAGTAGAAATCTA	Hdac9
Hdac9.8	CCACGTTCATGTAGCAATGGAA	Hdac9
Hdac9.9	TAAGCAAGATATTGATTGTAGA	Hdac9
Hells.1	AAACGACGAAGTAGAAAGTCAA	Hells
Hells.3	CCAGGCTCAAGATAGATGTCAT	Hells
Hells.4	CTAAGCGAGAAGTAGTTGTTTA	Hells
Hells.5	AACGGTTCAATGCTGATAACAA	Hells
Hells.6	CAGGCTCAAGATAGATGTCATA	Hells
Hells.7	AGAGGACTGTTGTGGAAGGTAA	Hells
Hells.8	GACGAAGTAGAAAGTCAATAAA	Hells
Hells.9	TAAGCGAGAAGTAGTTGTTTAT	Hells
Hif1an.1	GTTGGTTCAAGAAGTTACTCTA	Hif1an
Hif1an.10	CCAGCTACGAAGTTACAGCTTT	Hif1an
Hif1an.2	TCAGGGTGTGTGTGTGTGTGTA	Hif1an
Hif1an.3	GCTGCGTGGTAGTCAAGAGCAA	Hif1an
Hif1an.4	ACTGGTGGAAGTTGGAAAGGAA	Hif1an
Hif1an.5	CCAGGATTGTGCATATGTCCAA	Hif1an
Hif1an.6	CTCGGTTGACCCTTCAGTATAA	Hif1an
Hltf.1	GTAGGACTAGTATCACATACAA	Hltf
Hltf.10	ACAGCAGTGAGTTCCATTGTAA	Hltf
Hltf.2	CCAGAGACAAGATGACTAAGAA	Hltf
Hltf.3	CCTGGTTTGTCTTGAATGCTTA	Hltf
Hltf.4	GAAGCAGGATCTCCTACGATAA	Hltf
Hltf.5	ATTCCAAGACTTTCATACTCAA	Hltf
Hltf.8	AATCCAGAGACAAGATGACTAA	Hltf
Hltf.9	ACACAGGAGTTGTAAATAATAA	Hltf
Hspbap1.1	CCTGGAAGAAATGGACAAGAAA	Hspbap1
Hspbap1.10	GAAGAGTCTAGTGTGTTCAGTA	Hspbap1
Hspbap1.2	CATGGATAGTTTCCTTCTACAA	Hspbap1
Hspbap1.3	TTGGGTTGGTCTTGGTTTGTTA	Hspbap1
Hspbap1.4	CTACAAGAACAGTGTTCTTAAA	Hspbap1
Hspbap1.5	CAAGCGATGGATTACAGGTTTA	Hspbap1
Hspbap1.6	ACAGGTTCTGTTTGTTCCCAGA	Hspbap1
Hspbap1.7	CAAGGTTGGTTCTCAATAGTAT	Hspbap1
Hspbap1.9	ACTGGAAGGCGACAGCGAAGAA	Hspbap1
Ikbkg.1	AAAGGAAGTTGTAGTTGAGAAA	Ikbkg
Ikbkg.10	CCTGCAGTATGGTGTATGATTA	Ikbkg
Ikbkg.2	TTAGGTGCAGTTTCATATTGAA	Ikbkg
Ikbkg.3	AGAGAAGTTGTTTGATGTTCAA	Ikbkg
Ikbkg.4	TATAGAAGTTATTAATGTACTA	Ikbkg
Ikbkg.5	CAAAGTTGAAGCAAGATGTTAA	Ikbkg
Ikbkg.6	CTTGGAAGAGCAAGAACAACAA	Ikbkg
Ikbkg.7	TTTGATGTTCAATTCTGATCTA	Ikbkg
Ikbkg.9	GTGAGGAGAGAGTGATAGTTAA	Ikbkg
Jarid2.10	AAAAGTCGGATTACAAGATCAA	Jarid2
Jarid2.2	CATCGAGAACTGTCTCAACAAA	Jarid2
Jarid2.3	GATGGTGAAGTTTGGAGAACAA	Jarid2
Jarid2.4	CAACGATGTTAGTTCTTCAGAT	Jarid2
Jarid2.6	TAAGGGAAGATCTGTTTCTCTA	Jarid2
Jarid2.9	GCAGATGCTGGAGAGCAATGTA	Jarid2
Jhdm1d.10	ATTGGTGGAGGTTCCTGATATA	Jhdm1d
Jhdm1d.2	TCAGGTATTATGTTATGTCATA	Jhdm1d
Jhdm1d.4	ATGGGAGTTCAAGATAGCTATA	Jhdm1d
Jhdm1d.5	GCAGGCAGATTTCTGAGTTCTA	Jhdm1d
Jhdm1d.6	TCAGGAGTAGACCGTCAGAATA	Jhdm1d
Jhdm1d.7	GAAAGATAATGATCTACGATTA	Jhdm1d
Jhdm1d.9	TTGGGAAGATTCTGAAATTGAA	Jhdm1d
Jmjd1c.1	CCAGGACGACATAGACAGCTTA	Jmjd1c
Jmjd1c.2	AAGGAAGAGTTCTAGAGATAAA	Jmjd1c
Jmjd1c.4	CTGGGTCAGTGATGTAGTGAAA	Jmjd1c
Jmjd1c.5	GCCGGAGAGACTGGAAGAATTA	Jmjd1c
Jmjd1c.6	GAAGCTATTGACTGTACAATTA	Jmjd1c
Jmjd1c.8	CAAGGTGGAAATGTTCCTACAA	Jmjd1c
Jmjd1c.9	AATGTGCTGTTGTACAGTTTAA	Jmjd1c
Jmjd4.1	CATGCATGTTGGAGACAGACAA	Jmjd4
Jmjd4.10	CTAGGAGGAATTAATCAGTGTA	Jmjd4
Jmjd4.2	CCAGGATAGAGATGATTGTACA	Jmjd4
Jmjd4.3	ACTCAAGTGTAGATACAGATTA	Jmjd4
Jmjd4.4	CTTGGTGTTAGATGGAGAGTCA	Jmjd4
Jmjd4.5	TAGAGATGATTGTACAGAACTA	Jmjd4
Jmjd4.6	GCTGCAGGTCCTCTACAGACTA	Jmjd4
Jmjd4.7	CTAGCTCATCTGCAGAAGTATA	Jmjd4
Jmjd4.9	CCTGGCTGAGCCTGCAGTTAAA	Jmjd4
Jmjd5.2	GCTGCTACATGTACCTAAGCTA	Jmjd5
Jmjd5.3	GAAGGAAGTACATCCGATTGTA	Jmjd5
Jmjd5.4	CCTGGAGAGATGTAGACAAGGA	Jmjd5
Jmjd5.5	GTCCCTGGAGAGATGTAGACAA	Jmjd5
Jmjd5.6	AAGAGATGGTTCTTACGTTCAA	Jmjd5
Jmjd5.7	CCCAGCTCCTGATGTCATGTTA	Jmjd5
Jmjd5.9	AAGAGGAAGAGATCACTATCAA	Jmjd5
Jmjd6.1	ACTCGGTTAAGATGAAGATGAA	Jmjd6
Jmjd6.3	TTAAGATGAAGATGAAGTACTA	Jmjd6
Jmjd6.5	ACGGCTACTCGGTTAAGATGAA	Jmjd6
Jmjd6.6	CGTGGTTCTGCTCAATGCACAA	Jmjd6
Jmjd6.7	AACCCCTGGAGATATTACAGAA	Jmjd6
Jmjd6.8	TTACCTGGTTTAATGTCATCTA	Jmjd6
Jmjd6.9	AGCGGCTCACGATGAACCACAA	Jmjd6
Jmjd8.1	CAACAGAGTCAAGAGTGTTCAA	Jmjd8
Jmjd8.3	TCCCGCATCAGCTCAAAGCTAA	Jmjd8
Jmjd8.4	CCCGCATCAGCTCAAAGCTAAT	Jmjd8
Jmjd8.5	TCAGGGATATCTCGCTTCTATA	Jmjd8
Jmjd8.6	TATGGATGATGGTGACTGTGAT	Jmjd8
Jmjd8.8	CCAGGCTGGTGAAGTACTGTAT	Jmjd8
Jmjd8.9	ATGGGGCCTCAATAGTCCTCTA	Jmjd8
Kat2a.1	CACGGTCAGTGCAACAGTTGTA	Kat2a
Kat2a.10	ATCTGTTCATGTCTGTTCACAA	Kat2a
Kat2a.2	ACACAGACACCAAACAAGTCTA	Kat2a
Kat2a.3	AACAGAAAGAGATCATCAAGAA	Kat2a
Kat2a.4	TCAAGAAGTTGATTGAGCGCAA	Kat2a
Kat2a.6	GTCGCTACTATGTGACCCGGAA	Kat2a
Kat2a.7	TCACCTCAAATGAGCAGGTCAA	Kat2a
Kat2a.8	CTTGGGAATGGTAGTAGATGTA	Kat2a
Kat2a.9	CCACATCATCAAGAAACAGAAA	Kat2a
Kat2b.1	ACAGGTACTATGTGTCTAAGAA	Kat2b
Kat2b.10	CATGCTGTATGTTCATAGTGTT	Kat2b
Kat2b.3	TCCGGGATATTATGAAGTTATA	Kat2b
Kat2b.6	AACGAGTGTTCACCAACTGCAA	Kat2b
Kat2b.7	GTACTATGTGTCTAAGAAGTTA	Kat2b
Kat2b.8	TTTGAGGTTGAGTTAATGTTAA	Kat2b
Kat2b.9	CTCCCGAGAGCGAGTACTACAA	Kat2b
Kat5.10	TCACTAGTATCAAGAAAGAAGA	Kat5
Kat5.2	CCTGGACGGAAGCGGAAATCTA	Kat5
Kat5.4	GCTGGACTTAAAGAAGATCCAA	Kat5
Kat5.5	GAAGATCCAATTTCCCAAGAAA	Kat5
Kat5.7	AATCACTAGTATCAAGAAAGAA	Kat5
Kat5.8	CACCATCAATGAGATCAGTGAA	Kat5
Kdm1.10	TTAGTCACCAGTTAGACTTCAA	Kdm1
Kdm1.3	TCTGGAAATGACTATGATTTAA	Kdm1
Kdm1.4	GCAAGCTCTTCTAGCAATACTA	Kdm1
Kdm1.5	CATGGCTGTCGTCAGCAAACAA	Kdm1
Kdm1.6	TAAGCAAGCTCTTCTAGCAATA	Kdm1
Kdm1.7	TCGGAAGAAGAAAGAAATGCTA	Kdm1
Kdm1.9	AAAAGATGAAATGGTAGAACAA	Kdm1
Kdm2a.1	TTAGCATGGATATGGAGTTAAA	Kdm2a
Kdm2a.2	ACTGATACAGAAGATTAGCTAA	Kdm2a
Kdm2a.3	TCTGGATGTCTGTCTTCCGCTA	Kdm2a
Kdm2a.4	GCTGGGAGTGTCCAAAGTGTTA	Kdm2a
Kdm2a.6	AATGGGAGATATTTGTGTAATA	Kdm2a
Kdm2a.9	TCCCCATGCAATTAAAGATATA	Kdm2a
Kdm2b.1	GCTGGTATGTCTTGGAGAGATA	Kdm2b
Kdm2b.10	GAAGAGGAAGAAGGCAAGTTTA	Kdm2b
Kdm2b.3	GTAGGAGAGTTAACCTGTACTA	Kdm2b
Kdm2b.4	CAAGGAGCTGAGCAAAGAGCTA	Kdm2b
Kdm2b.5	TCAGGAATACCAGAGAGAATTA	Kdm2b
Kdm2b.6	TAACCTGTACTATGTCAGCATA	Kdm2b
Kdm2b.7	CCAGAGATACGACGAGAACGAA	Kdm2b
Kdm2b.9	TACCAAGAATCAGGTAGAATAA	Kdm2b
Kdm3a.1	ACTGATTCATGTTGAAGTTGTA	Kdm3a
Kdm3a.2	TCAGGAGATTACAATTCAACAA	Kdm3a
Kdm3a.3	AACCAATGGTGTTGAAACTTAA	Kdm3a
Kdm3a.4	CCACACCGACGTTACTAAGAAA	Kdm3a
Kdm3a.5	GAACCTTGTTGGTTCAGAAGTA	Kdm3a
Kdm3a.6	GAAGGTCGAACCTTCACATTTA	Kdm3a
Kdm3a.7	CCAGGAGAAGACTTCAGAGACA	Kdm3a
Kdm3a.9	GCAGGAAGTAGACCTAGTCAAT	Kdm3a
Kdm3b.10	GCAGAAGGAATAGACCTAGAAA	Kdm3b
Kdm3b.2	GAAGGCGAAAGAAGAAACGAAA	Kdm3b
Kdm3b.3	ACAGAAGAGTTGGTACAACAAA	Kdm3b
Kdm3b.4	GCTGCATTAAGAGAGACAGTTA	Kdm3b
Kdm3b.6	GGAGCAAGATGATTCTACTGTA	Kdm3b
Kdm3b.7	ATAGGTTTGTAGTGAAATAGTT	Kdm3b
Kdm3b.9	CTTGTTTATATGTTCACAGTTA	Kdm3b
Kdm4a.1	CTACGACGATATTGATGATCTA	Kdm4a
Kdm4a.2	ACACGGAAGACATGGATCTATA	Kdm4a
Kdm4a.3	GCTGAAGAATGTCAAACTAGAA	Kdm4a
Kdm4a.6	GCAAGTGTGTACCTGTGTGTAA	Kdm4a
Kdm4a.8	CCGAGACCTTCTACGAAGTCAA	Kdm4a
Kdm4a.9	CCCGCGATACAGTGAATTTGAA	Kdm4a
Kdm4b.10	CCAGCTGTAAGATCATGACTTT	Kdm4b
Kdm4b.2	CCTCCAGTTCAGTATCAATTAA	Kdm4b
Kdm4b.3	CCAGGATAGACAGCTGATCTTA	Kdm4b
Kdm4b.5	TAAGGCACAAGATGACACTCAT	Kdm4b
Kdm4b.7	ACAGCTGATCTTAAATGACAAA	Kdm4b
Kdm4b.9	GCAGGTGACACCTTCACTTGAA	Kdm4b
Kdm4c.2	GCAGGTAGCGAGTGATGAAGAA	Kdm4c
Kdm4c.3	TCAGACATAGAGTCAACTCAAA	Kdm4c
Kdm4c.5	ATACACTTTAGATGAAGAGTTA	Kdm4c
Kdm4c.6	TTCCAGAAGTGCGATTCACTAA	Kdm4c
Kdm4c.7	TCAGGTTGAATTTGAAGATGGA	Kdm4c
Kdm4c.8	ACAGGAGTACAATGCAACTGTT	Kdm4c
Kdm4d.1	TAGGGACTAGAGTTGTCACTTA	Kdm4d
Kdm4d.10	CCTGGGAACAATTCAAGACCTA	Kdm4d
Kdm4d.2	CCAGGCTGTGAGTGGAGACTTA	Kdm4d
Kdm4d.3	CCTGGTCAGTTCTAACTCCTAA	Kdm4d
Kdm4d.5	ACCGCTAGATTACTCCTCACAA	Kdm4d
Kdm4d.8	AGGGACTAGAGTTGTCACTTAA	Kdm4d
Kdm4d.9	GTCCAACCAAAGAAGAGTTTAA	Kdm4d
Kdm5a.1	CCAGGTTCAGTTCTCAGCACTA	Kdm5a
Kdm5a.10	GCGGCTAGTAAGTAGCATTGAA	Kdm5a
Kdm5a.2	AAAAGTAGATGTTCTAATGTAA	Kdm5a
Kdm5a.4	AATGGACTATGATGATGAAGAA	Kdm5a
Kdm5a.5	ATTGAGAGAATCAGTTGTTCAA	Kdm5a
Kdm5a.6	TTGGGTTCTGTGTTCTTACAAA	Kdm5a
Kdm5a.7	CAAGAAGTTAGCTAAAGAAGAA	Kdm5a
Kdm5a.8	CATGGAGGATGATAGCATAGAA	Kdm5a
Kdm5a.9	TTGGGTCAATCGTGTTACAGAA	Kdm5a
Kdm5b.10	GATCGAGGACGAGAAAGCTTTA	Kdm5b
Kdm5b.2	TCAGGAGCTTTATCAGACTCTA	Kdm5b
Kdm5b.3	AAAGCTGTTTGTGGTTGTTGAA	Kdm5b
Kdm5b.5	ATTCGCTTGTGATGTCGATAAA	Kdm5b
Kdm5b.8	TCAGATCTGTTGTATCAGTTGA	Kdm5b
Kdm5b.9	CCAGGTAATTAAATCTGTTTAA	Kdm5b
Kdm5c.1	AAAGAAGATTGTTGGTGTGTAA	Kdm5c
Kdm5c.2	TAACGTCTGTGTCACTGTTAAA	Kdm5c
Kdm5c.3	CCAGCACCATTCCAGAGACAAA	Kdm5c
Kdm5c.5	GAAGATTGTTGGTGTGTAATTA	Kdm5c
Kdm5c.7	CCCAGACAAGAGTGAAACTGAA	Kdm5c
Kdm5c.8	AAACAAACTTTGTTTCAACTAA	Kdm5c
Kdm5c.9	ACTGGAGTTACTCTATTAACTA	Kdm5c
Kdm5d.1	CAAGGAGATGTTCATTATGGTA	Kdm5d
Kdm5d.2	ACAGAGACTGTCTGTAAGGCTA	Kdm5d
Kdm5d.3	TTCCAGAGAAGTTGGATCTAAA	Kdm5d
Kdm5d.4	GATGGAAGGAGATCTACTTGAA	Kdm5d
Kdm5d.6	TCTGAGAAAGAAAGATAGCAAA	Kdm5d
Kdm5d.9	GAAGGAGATCTACTTGAAGTTA	Kdm5d
Kdm6a.1	ACAGACTATGAGTCTAGTTTAA	Kdm6a
Kdm6a.2	GCAGATGCTGTTTGCAGTCCTA	Kdm6a
Kdm6a.3	TTTGGTGGAAGCTAACAATGAA	Kdm6a
Kdm6a.4	TTGGGCTTATGTTCAAAGTGAA	Kdm6a
Kdm6a.5	CTTGGAAGGTGCTATTCAAGTA	Kdm6a
Kdm6a.6	GATGCTATTAAATGCTATTTAA	Kdm6a
Kdm6b.1	CCAGCATCTATTTGGAGAGCAA	Kdm6b
Kdm6b.2	AATGCGACGTGGAGGTGTTCAA	Kdm6b
Kdm6b.3	CTGACTTGTTCAAGATGATCAA	Kdm6b
Kdm6b.4	TCAGCGATCCTGACTTGTTCAA	Kdm6b
Kdm6b.5	GCCGGGCTCTCATGGTGCTCAA	Kdm6b
Kdm6b.6	CCTGGAGACCTTGTGTGGATTA	Kdm6b
Map3k12.1	CTAGGGTAAGTGTAATTGTCAA	Map3k12
Map3k12.2	CAAGGTTGTTTATGTAACACCA	Map3k12
Map3k12.4	AAAGCTTCAATTCAGTTCCTTA	Map3k12
Map3k12.5	CTACCCTAGAGCTATAAAGAAA	Map3k12
Map3k12.6	ATTCCTTGTACATAGAGAAATA	Map3k12
Map3k12.8	TCTGAGGAATTTGGACAAGTTA	Map3k12
Map3k12.9	ACTAGAAGTCATTCTTCAATTA	Map3k12
Mcm4.1	CCTCGACAGCTAGAGTCATTAA	Mcm4
Mcm4.3	CAAGCAAATGATCAAACTTCAA	Mcm4
Mcm4.4	CTGGGATCATCTGTCAGCTCAA	Mcm4
Mcm4.5	TTTGGCTGATGATGATTTCCTA	Mcm4
Mcm4.6	ATTGAGTCTCAGTGGAATCCTA	Mcm4
Mcm4.7	CTGGTTTCATTGTACTACCAAA	Mcm4
Mcm4.8	AAAGGCAGTATTCCACTATATA	Mcm4
Mcm4.9	AAGGCAGTATTCCACTATATAA	Mcm4
Mcm7.1	ACTGGATTGTGAAGATGACAAA	Mcm7
Mcm7.10	GGAGAAGGAAGATGTAAATGAA	Mcm7
Mcm7.3	TCCGGAGATCTATGGACATGAA	Mcm7
Mcm7.6	ATAAGGATGTCTTAGATGTTTA	Mcm7
Mcm7.8	TCTGGATGAATATGAGGAGCTA	Mcm7
Mcm7.9	GTAGCATCACAGTGGTTCTAGA	Mcm7
Mecom.1	CCCGGAGGATGACTACGAAGAA	Mecom
Mecom.10	TATGCTCATGCAGAGAGGTTAA	Mecom
Mecom.2	TATGATGTTATGTTCATGTTAA	Mecom
Mecom.3	TTTGGATGATGAAGAAGTAGAA	Mecom
Mecom.6	AAAGCATGATCCTTCTGATTAA	Mecom
Mecom.7	AAAGGAAGCTATTTATTCTCAA	Mecom
Mecom.8	TATGGCAGTCACTTCAAGGATA	Mecom
Mecom.9	CCCGGTGAGGTATAAAGAGGAA	Mecom
Mettl5.1	GTCCAAGTTATTTGATACAGTA	Mettl5
Mettl5.2	TCAGTGTGATGTGTATTCATTA	Mettl5
Mettl5.3	TATGATTCAGTGTGATGTGTAT	Mettl5
Mettl5.4	CCAAGTTACTTCTAGAACAGTA	Mettl5
Mettl5.5	CAGGGTTGTGTGTTGGATTTGA	Mettl5
Mettl5.8	ACAGAATGTCCAAGTTATTTGA	Mettl5
Mettl8.10	TCAGGACCGAACTATGTGTCAT	Mettl8
Mettl8.2	ACCGAACTATGTGTCATGTTAA	Mettl8
Mettl8.3	TCAGATTGTCAGTTGTCTGTGA	Mettl8
Mettl8.4	TCTGGTTGATCATCGCTTGCAA	Mettl8
Mettl8.5	CATGCAGTGGTCTAAAGAAGAA	Mettl8
Mettl8.7	ACCGACTGTCCAGGTTGCTGAA	Mettl8
Mettl8.8	CCGAACTATGTGTCATGTTAAA	Mettl8
Mgea5.1	ACAGCAGTGTTGTCAGTGTCAA	Mgea5
Mgea5.2	ATAGGGAGAGATTCTTAAATAA	Mgea5
Mgea5.3	ATAGGATGTGCTGTGAAACCTA	Mgea5
Mgea5.4	TATGGTTATGAATATTTATTAA	Mgea5
Mgea5.5	AAAAATTGTTACTAGATATTAA	Mgea5
Mgea5.6	AAACTGTAGTTACAACAGTTTA	Mgea5
Mgea5.7	TTTGGTACAAGTCAAACATGAA	Mgea5
Mgea5.8	ATACTGTATCAATACAGATAAA	Mgea5
Mkrn1.1	GCAGTATGTCAGTAGTTGTTAA	Mkrn1
Mkrn1.2	TCAGGCGAAGCTGAGTCACGAA	Mkrn1
Mkrn1.3	GTCGGTTTGCAGAAGTAATGAA	Mkrn1
Mkrn1.5	CAAGTGGAGAAGTGCTAAACAA	Mkrn1
Mkrn1.6	GAAGCAGAAACTCATTCAGAAA	Mkrn1
Mkrn1.8	GAAGCTGAGTCACGAAACCCAA	Mkrn1
Mkrn1.9	CATGGAGGTGGTCTATGAGAAA	Mkrn1
Mlh3.1	GTAGGGTCTTTAGAGAAGTTTA	Mlh3
Mlh3.10	TTTGTTTGTGAACAGAAGACTA	Mlh3
Mlh3.4	TAGGGTCTTTAGAGAAGTTTAA	Mlh3
Mlh3.5	TCTGATGGTTGTGAGATCACTA	Mlh3
Mlh3.6	TCAGCTCTGAAGCACACTACAA	Mlh3
Mlh3.8	ACACAAAGACAGAATAGAGAAA	Mlh3
Mlh3.9	TCCAAGTTCAAGTGATAGACAA	Mlh3
Mll1.1	ACAGGATCAGAGTGGACTTTAA	Mll1
Mll1.10	ATAGGGTCTAGTTCTAGAGACA	Mll1
Mll1.2	CCTGGAAGTCACTGACAGATAA	Mll1
Mll1.3	CAAGCTTCTGGTTAGAGACAAA	Mll1
Mll1.4	TCTGCAAGATTGAGAAGAGTAA	Mll1
Mll1.5	GAAGGACAAGAGTAGAGAGAGA	Mll1
Mll1.6	CAAGAGACTAAAGATTATTTAA	Mll1
Mll1.7	GTACACTAGTTCTGTCTTTCAA	Mll1
Mll2.1	GCACGAGATGGAGACTGATAAA	Mll2
Mll2.10	GCAGCAGCAGCAGCAACAACAA	Mll2
Mll2.4	GAAGGAGCTACAGAAGAAGCAA	Mll2
Mll2.5	CCAGGAGCTACAATGAGTAGTA	Mll2
Mll2.6	GCAGCAACAACAGCAACAACAA	Mll2
Mll2.7	ACAGCAACAGCTACAACAGCAA	Mll2
Mll2.8	ACACGATGGTCATCGAGTACAT	Mll2
Mll2.9	GCAGCAGCAGCAACAACAACAA	Mll2
Mll3.1	GCAGGAAAGACAGCGAGTTCAA	Mll3
Mll3.4	GTTGACAGTTGTGACAAAGATA	Mll3
Mll3.5	CCACAGAGAAAGTCCAGTGTTA	Mll3
Mll3.6	TCTGGAGCAGACAGTAAATAAA	Mll3
Mll3.7	GCAGCAGAAGTATCTCGAAGAA	Mll3
Mll3.8	GTCCAGTGTTAGCAGTGAGATA	Mll3
Mll3.9	GCTGCTGTTACCTGCAGAACTA	Mll3
Mll5.1	ACACAGCTAAGACAGAAGTTAA	Mll5
Mll5.10	ACAGATGGTGATACCAGTGCAA	Mll5
Mll5.2	AAAGGATCTAGGAAATCATCAA	Mll5
Mll5.3	ATACATGATCTGTTGTGACAAA	Mll5
Mll5.5	AAAGGAAGATGACAAGAGAAGA	Mll5
Mll5.7	AGAGGCTGTCGGTGTCAAACAA	Mll5
Mll5.8	TATCCTTCATCTGATAGTTCAA	Mll5
Mll5.9	CTCGTTACGAAGAAGCAAATAA	Mll5
Mov10.1	TACCGGCAAGACTGTCACATTA	Mov10
Mov10.10	CAAAGGAGGTTGCTGAGATCAA	Mov10
Mov10.4	TACAGCTGGATCTAGACTTTAA	Mov10
Mov10.5	TCGGGTCAGGTTCTTCAAACTA	Mov10
Mov10.7	AAAGCTATGAACTCCACATCTA	Mov10
Mov10.9	TCAAGGTGAACTTTACCTTCAA	Mov10
Myst1.1	CCCCGAAGCACAAACAAGTCAA	Myst1
Myst1.2	TCTGACAGAAGTAGATAGGCAA	Myst1
Myst1.3	CCAGCATGTTATCTGTGTCACA	Myst1
Myst1.4	CAGGGAAGGAGATCTATCGAAA	Myst1
Myst1.5	ATGGCAAAGACCACAAGATATA	Myst1
Myst1.6	CCAAAGTGAAGTATGTAGACAA	Myst1
Myst1.8	TCTGCGAGTACTGCCTCAAATA	Myst1
Myst1.9	CCAGGGAAGGAGATCTATCGAA	Myst1
Myst2.10	CAAGGAGATCTCCATCAAAGAA	Myst2
Myst2.2	ACGGCAAGAAGAACAAGATCTA	Myst2
Myst2.3	AAAGCTACAATTTCAACATGAA	Myst2
Myst2.4	GCTGATCGATTTCAGTTATTTA	Myst2
Myst2.5	GAAGGAAGAAGTGTTCCCTCTA	Myst2
Myst2.8	TCTGAGGATTTGGAGAAGTTAA	Myst2
Myst3.1	CATCGATTTCAGTTATTTGTTA	Myst3
Myst3.2	CCAGTTGGTATGTGCAGTCAAA	Myst3
Myst3.5	ACAGAAGTTATGTCAACGTGAA	Myst3
Myst3.7	TAAGGAAGAGTTAATTGAGCTA	Myst3
Myst3.8	TCAGCATCAAGAAGCTGAGCAA	Myst3
Myst3.9	GTAGGGAGAATACAAAGGATAA	Myst3
Myst4.1	AAGCAACGATTGTTGTCTGTAA	Myst4
Myst4.10	GTACTGTACAAGTGTTGTGCTA	Myst4
Myst4.2	ACAGGAAGAGGAAGAAGAAGTA	Myst4
Myst4.3	GACAGTTGTTAGAGCTGTCCAA	Myst4
Myst4.4	TCCAGATTGTGCTGAGACTCAA	Myst4
Myst4.7	ATTGGATTGATCTGCACAAATA	Myst4
Myst4.8	GTGCAGGTTGTGTTAAGTACAA	Myst4
N6amt1.1	ACAGCTACAGTGTGCTCATATA	N6amt1
N6amt1.2	ACAGTGTGCTCATATACAATAA	N6amt1
N6amt1.3	GCTACAGTGTGCTCATATACAA	N6amt1
N6amt1.4	AAAGCAATTTAATTACCCTAAA	N6amt1
N6amt1.5	TTTCTGTGCAAGTGCAAGTAAA	N6amt1
N6amt1.7	AAACCTTTAAAGAATAAATAAA	N6amt1
N6amt1.8	CTTCCAGAGGTCCTGAGTTCAA	N6amt1
N6amt2.1	TCCGCTGTTACACGAACTATGA	N6amt2
N6amt2.2	GTAGGGAAGACAGCTCTGTCTA	N6amt2
N6amt2.3	TGAGTCAGAAGACGACGACATA	N6amt2
N6amt2.4	GGTGTGAAGATGTGCAAGTTTA	N6amt2
N6amt2.5	TCAGGAAGACATCTGAAACGAT	N6amt2
N6amt2.6	ATGGGGATGAATTTATCTTCTA	N6amt2
N6amt2.7	AGCGATCGATGCTGCTGGAGAA	N6amt2
Ncoa1.1	GAAGGACAAGAACCAAGTTCTA	Ncoa1
Ncoa1.10	GCAGAACAGTTGGACAATCTTA	Ncoa1
Ncoa1.3	AAACAACAATGTGTTCAGTCAA	Ncoa1
Ncoa1.4	GCAGAGTTATACAAATATATTA	Ncoa1
Ncoa1.7	TCAGCAGCTACTGACTGAATAA	Ncoa1
Ncoa1.8	CCAAGTTCTATCAATTATTGTA	Ncoa1
Ncoa2.1	GCTCGACAAAGATGATACTAAA	Ncoa2
Ncoa2.10	AACCAATTGACTCAAAGATTAA	Ncoa2
Ncoa2.2	CCTGGTGTTTCTTTATAGACTA	Ncoa2
Ncoa2.3	AAAGGTAGATATATACAGAGAA	Ncoa2
Ncoa2.4	ACCCAAGGTGTTCTAAGCTTAA	Ncoa2
Ncoa2.5	ACAGTTGCTGATATGTGTTCAA	Ncoa2
Ncoa2.6	CCAGATCAAAGAGCAAGAGAAA	Ncoa2
Ncoa2.9	ACAGATTGTAGAAATATAGAAA	Ncoa2
Ncoa3.1	AAAGGTTGTCAATATAGATACA	Ncoa3
Ncoa3.10	ACAGCAGCAACAGCAACAACAA	Ncoa3
Ncoa3.3	GAGAGTTCAGTGTGTCAGTCAA	Ncoa3
Ncoa3.4	TTCCGGAAAGGTTGTCAATATA	Ncoa3
Ncoa3.6	TCTGGATGCTCTTGTAAATAAA	Ncoa3
Ncoa3.7	ATAGGATCTTTAAGATATTGTA	Ncoa3
Ncoa3.9	GCAGAGAGTTTCCAGTTTACAA	Ncoa3
Nek2.1	GTCAGTTGATGACATTAGTTAA	Nek2
Nek2.10	ACGGCAAGATCCTGGTGTGGAA	Nek2
Nek2.4	GAACAGTGTTCAGTGTGCGTTA	Nek2
Nek2.5	GTTGCATGTCAGAGGTGTTGTA	Nek2
Nek2.7	TCAGTAGCAGCTTGGAATGTTA	Nek2
Nfx1.1	TCCCGAGATGTGTTGTGTGGAA	Nfx1
Nfx1.10	TGAGAAGATAGATAGATTTATA	Nfx1
Nfx1.2	ACCCAAAGAAGACTAGATTCTA	Nfx1
Nfx1.3	ATTGAGAAGATAGATAGATTTA	Nfx1
Nfx1.4	GAACCACTGTTCAAATATTCAA	Nfx1
Nfx1.6	AAAGGATAATCTTAGAGAAAGA	Nfx1
Nfx1.7	CCCGGATGTCTCTAGACTGGTT	Nfx1
Nfx1.9	TCAGATACATCTAGTTTAGAAA	Nfx1
Nsd1.1	GAAGAGCTTTGTTAGACAACAA	Nsd1
Nsd1.10	TTGGAAGAGCTTTGTTAGACAA	Nsd1
Nsd1.2	TTTGGAGCAATGTCCAATCTAA	Nsd1
Nsd1.3	TCTGCTTCTAGTCAGAATCATA	Nsd1
Nsd1.4	ACACCCTCAAAGTATTGTTAAA	Nsd1
Nsd1.7	CAAGGTGAGTGTCAGATTCCAA	Nsd1
Nsd1.8	ATTGAACCAGATTACAAGTTTA	Nsd1
Nsd1.9	AACCAGAGATTCTAGTGACATA	Nsd1
Nsmce2.10	CCAGGACGGTCCAGTACAAGTT	Nsmce2
Nsmce2.2	TCCAGTACAAGTTCAGGTTCTA	Nsmce2
Nsmce2.3	ACAGAAGGAGTTGACGAAGATA	Nsmce2
Nsmce2.4	TCTGACAGAAGGAGTTGACGAA	Nsmce2
Nsmce2.5	TCAGGTTCTACCCGTTACATAT	Nsmce2
Nsmce2.6	AAAGTTCGTGCAGTTCAAGCAA	Nsmce2
Nsmce2.7	GAAGAAGCAATATGGTATTCAT	Nsmce2
Nsmce2.8	GAAGGAGTTGACGAAGATATGA	Nsmce2
Nup153.1	AATGGAGCGTGTTGAAATTGTA	Nup153
Nup153.10	TTAGAAGACAGATGAAAGCTAA	Nup153
Nup153.2	TCCAGAACAAAGTCACAGACAA	Nup153
Nup153.3	GCAGTGAATAGTTCAAGCTATA	Nup153
Nup153.4	AACAGCAGTTCCTCTAGTTCAA	Nup153
Nup153.5	GTAGCAGCACTACGAATTTCAA	Nup153
Nup153.7	TTGGGATTGTGATACCTGTTTA	Nup153
Nup153.8	CTACCACAAGCTCAATAGTTTA	Nup153
Nup153.9	CCTGAGAGAAGGAAGTGTTCTA	Nup153
Padi4.1	TCTGCTTAGAGATGCTGCAATA	Padi4
Padi4.2	ACAGCTACAGTGTACTTACATA	Padi4
Padi4.3	GCACCTTCATCAACGACTTCTA	Padi4
Padi4.4	AAAGGTTCGAGTTTCATACTAT	Padi4
Padi4.5	GGAGGAGAATATAGATGACCAA	Padi4
Padi4.8	TCTGACAATGAAGACTTCCTAA	Padi4
Padi4.9	GCTACAGTGTACTTACATATAA	Padi4
Parp1.1	CAAGGAGGAAGGTGTCAACAAA	Parp1
Parp1.10	ACCTGCTGAAACTCAAGTTCAA	Parp1
Parp1.2	CCAAGGTGGAGATGCTAGACAA	Parp1
Parp1.3	AAAGGGCTATAGTTCTCAATTA	Parp1
Parp1.4	CCTGGACCAAGTGCATGGTCAA	Parp1
Parp1.5	CATCGACGTCAACTACGAGAAA	Parp1
Parp1.8	AAGGGACGAACTCCTATTACAA	Parp1
Parp1.9	GCTGCCTGGAGAAGATAGAGAA	Parp1
Pla2g4b.3	CCAGAATGTTATGGAACTGAAA	Pla2g4b
Pla2g4b.4	CTGGCACGGTGTTATATAATTA	Pla2g4b
Pla2g4b.5	GTCAGGAAGAGTACAAGTTCAA	Pla2g4b
Pla2g4b.7	TTTGGTAGAGAATTAAGCCTTA	Pla2g4b
Pla2g4b.8	GCCCAGTCTACATGCAGGCAAA	Pla2g4b
Pla2g4b.9	ACACGGAACATTTGACATGTTA	Pla2g4b
Ppp1cc.10	AAAGCTTCAAATTATAGAAACA	Ppp1cc
Ppp1cc.2	GCTGAGAATGGTTTCAGACTTA	Ppp1cc
Ppp1cc.4	TAAGCATGATTTGGATCTTATA	Ppp1cc
Ppp1cc.5	ATTCAGAAAGCTTCAAATTATA	Ppp1cc
Ppp1cc.7	ATAGAAACAACACTGTCCTATA	Ppp1cc
Ppp1cc.8	ATAGTGGTATAGTGCTGAGTAA	Ppp1cc
Ppp1cc.9	GTGCGTGAGTCTCTACATGTAA	Ppp1cc
Prdm1.1	ACGGGATGAACATCTACTTCTA	Prdm1
Prdm1.10	AGAGGTTCGACATCAGCGACAA	Prdm1
Prdm1.2	TTACATTGTTATTTATGTGCAA	Prdm1
Prdm1.3	GCCGAGTTTGAAGAGAAGTGTA	Prdm1
Prdm1.4	ACTGGTTTACATTGTTATTTAT	Prdm1
Prdm1.7	ACCTGTTGGTGTTCAAGGTGTA	Prdm1
Prdm1.9	TTAGCAGCACAAGCAATCTCAA	Prdm1
Prdm10.1	CACGGATCACATCCACAGACTA	Prdm10
Prdm10.10	ACAGAACTGTCCCAGACCTTAA	Prdm10
Prdm10.2	TCTCAAGGTTTCTCTTGATAAA	Prdm10
Prdm10.4	GAGGAAAGTTCTTCGAGAGCAA	Prdm10
Prdm10.8	CCAGCTGTCTTAACGACAGATA	Prdm10
Prdm10.9	GCAGCTCTTCAGCATCTGTTTA	Prdm10
Prdm11.1	CCAGGACGATGACTATGGTAGA	Prdm11
Prdm11.10	ACAGAATGACTGAGAACATGAA	Prdm11
Prdm11.2	CATGGCTGATTGTGGACAAGAA	Prdm11
Prdm11.4	CATGGAAGTTGAACCCAAGAAA	Prdm11
Prdm11.5	ACAAGATCATTCAGGTCCTTAA	Prdm11
Prdm11.6	CCAGAGCAACCTGCACAAGAAA	Prdm11
Prdm11.8	AAAAGTTCTGGTTCCTACGGTA	Prdm11
Prdm12.1 	GAAGCTGGATGACCTACATCAA	Prdm12
Prdm12.10	GAACCTGGAGGTGGTCCAGATA	Prdm12
Prdm12.3	TCAGGAGAGGTGCAGAAGCTAT	Prdm12
Prdm12.4	ATTCAACGAGGATGGTACAGTA	Prdm12
Prdm12.7	ACCGAAGCTGGATGACCTACAT	Prdm12
Prdm12.8	GTCCTTGGTCGTTGTCTCTCTA	Prdm12
Prdm13.1	TCTGGAAGCTATTGCAGACTTA	Prdm13
Prdm13.2	GCACATAGGTTGTGGTTCTCTA	Prdm13
Prdm13.3	TTTGGTAGAGTCCAAATGTTTA	Prdm13
Prdm13.4	AAAGATACAAAGGAGAGTTCTA	Prdm13
Prdm13.5	TTCGCAGAATAAATGTTAGTTA	Prdm13
Prdm13.8	ACCCTTTAAAGATATAGTTTAA	Prdm13
Prdm14.1	TCCCGAAGTACCACGATTTCTA	Prdm14
Prdm14.10	TACCAGTGCGTGTACTGTACAA	Prdm14
Prdm14.2	CCTGCTAGGTCTTTGAAAGCAA	Prdm14
Prdm14.4	CCTGGGTCTTGTGATTAAAGAA	Prdm14
Prdm14.5	TACCTAGAGATTTGGTATGTTA	Prdm14
Prdm14.6	GCTGCTAGGACTTAACTGCTAA	Prdm14
Prdm14.7	GAAAGGTGTTTACCTACAAATA	Prdm14
Prdm14.9	CCTAGAGATTTGGTATGTTATA	Prdm14
Prdm15.1	GCAGGTTGTCTCACCATAGTTA	Prdm15
Prdm15.10	GTGGGAAAGGTATGAAGACCAA	Prdm15
Prdm15.2	GCTGGAGAATGGTCTCATGAAA	Prdm15
Prdm15.4	CCAGAGTGTCATGGTCACCAAA	Prdm15
Prdm15.6	TCCAGAGTGTCATGGTCACCAA	Prdm15
Prdm15.8	CCAGGTTGTTAAATCCTGTTGA	Prdm15
Prdm16.1	CCTGGACAGTGACAGAGACAAA	Prdm16
Prdm16.10	ACTGACTGGATACCAAATGTAA	Prdm16
Prdm16.2	ACACGAGATTGATATGCAATAA	Prdm16
Prdm16.3	GCAGGACGCAGATCAAGTGCAA	Prdm16
Prdm16.4	CCACGATTGTTTCCCAATGATA	Prdm16
Prdm16.6	CAACGAACAGATTTACTATAAA	Prdm16
Prdm16.9	ATTGACTATAGAGTCTATTTAA	Prdm16
Prdm2.1	GAAGAGCAAAGCTGTTCTACAA	Prdm2
Prdm2.10	ACAGACTGTGAGGTCAACAATA	Prdm2
Prdm2.2	GCAGAAGAGCAAAGCTGTTCTA	Prdm2
Prdm2.3	TCAGATCCAGACAGAATGTCAA	Prdm2
Prdm2.4	GTAGCACAAATTGCGAGTCTAA	Prdm2
Prdm2.5	AACAGCTGAGATTCCTAAGTTA	Prdm2
Prdm2.7	AAGGGTGTCTATTTGTCTTCAA	Prdm2
Prdm2.8	GCAAAGCTGTTCTACAAAGCAA	Prdm2
Prdm2.9	GCACCGCAGATACGGAGATCAA	Prdm2
Prdm4.10	CCTGGAGTTCTGTATCATTACA	Prdm4
Prdm4.4	TCAGAGAGGACCTAGAACATTA	Prdm4
Prdm4.6	ATAGGTGTACTTTGTGTGACAA	Prdm4
Prdm4.7	GAAGCATCTCAATTCTCACGAA	Prdm4
Prdm4.8	GAACATTAACAGTGTTGAGATA	Prdm4
Prdm4.9	ATGGGCAGTGCTGTTTACTCAA	Prdm4
Prdm5.1	CTTGGCAGTTGATGATATAGAA	Prdm5
Prdm5.10	ACAGGAAGATTCATGAGATATT	Prdm5
Prdm5.3	GCACAGGAAGATTCATGAGATA	Prdm5
Prdm5.4	GAAGGCAAAGTTGACCACTCTA	Prdm5
Prdm5.6	TTACAAGAAATGACTACCTCAA	Prdm5
Prdm5.9	TTTCCAGTGTGATGCATGTAAA	Prdm5
Prdm6.1	TACGGAGCTTCATAATACAATA	Prdm6
Prdm6.2	ATAAGTAAGATGTTAAGAGATA	Prdm6
Prdm6.3	CAGGCAAGAGATTATTTATTTA	Prdm6
Prdm6.4	CAGCAAGGAAAGTCATGATTAA	Prdm6
Prdm6.6	ATACAATATATATTGTTCTGAA	Prdm6
Prdm6.8	GTAAGATGTTAAGAGATATTGA	Prdm6
Prdm8.1	GAAGAATGTCATCAATGATGTA	Prdm8
Prdm8.10	TACGTTTCTACTTAAATTATTA	Prdm8
Prdm8.3	TATGGTTTAGATGTAATAATTA	Prdm8
Prdm8.4	CTTCAGTGAAGAATGTCATCAA	Prdm8
Prdm8.5	ATGGAGATACACTAATGTAATA	Prdm8
Prdm8.6	ACAGAATCTCGAAGCTTATATA	Prdm8
Prdm8.7	CCCGAGATAAGGAAGAACAGAA	Prdm8
Prdm8.9	AACGGTATAGTTTATCCAGGTA	Prdm8
Prdm9.1	GAAGACAAATGTAGTCACTAAA	Prdm9
Prdm9.10	TCAGTGATAAGTCAAATGTCAA	Prdm9
Prdm9.2	CCAGGAACATCTGCAAGAATAA	Prdm9
Prdm9.3	TCAGGAACAACATGTTGATTCA	Prdm9
Prdm9.4	CCAGCTTTCATGTGTTACCAAA	Prdm9
Prdm9.5	TCAGGATGATGACTATCTCTAT	Prdm9
Prdm9.6	CTAGACCAGCTTTCATGTGTTA	Prdm9
Prdm9.7	TCTGATGAAGAGTGGACACCTA	Prdm9
Prdm9.8	CACAGAAGTCAGTCCTCATCAA	Prdm9
Prmt1.10	CTCCGATTATGCTGTGAAGATT	Prmt1
Prmt1.2	ACCGACAATATAAAGACTACAA	Prmt1
Prmt1.3	ACCGCAACTCCATGTTTCACAA	Prmt1
Prmt1.4	TTACCATCGACCTGGACTTCAA	Prmt1
Prmt1.5	ATCGGCATCTCTTCAAAGACAA	Prmt1
Prmt1.6	GACCGACAATATAAAGACTACA	Prmt1
Prmt1.7	ATTGGGATTGAGTGTTCCAGTA	Prmt1
Prmt2.1	ACGGGTTCTGTTGTGTTACAAA	Prmt2
Prmt2.2	GTTCTGTTGTGTTACAAAGAAA	Prmt2
Prmt2.4	CTTGGTTCAGTGTGTACTTCCA	Prmt2
Prmt2.5	TCACGGGTTCTGTTGTGTTACA	Prmt2
Prmt2.7	TATGAGACATGATCATATTGAA	Prmt2
Prmt2.8	GTGGGACTTAGTACATGCTCAA	Prmt2
Prmt3.10	AAAGCGCATCTGTTGTTGAGAA	Prmt3
Prmt3.3	GAAAGATCACAGTTCACAAGAA	Prmt3
Prmt3.4	ACTGGGTAGTAAGCCTAGATAA	Prmt3
Prmt3.6	TCAGGATGTAGCCTATGTGTGA	Prmt3
Prmt3.7	AAAGGACAAAGTACGCACAGAA	Prmt3
Prmt3.8	AAGGAAAGATCACAGTTCACAA	Prmt3
Prmt5.1	TCAGGCTGTATGCTGTGGAGAA	Prmt5
Prmt5.10	GCAGCTCTGAGTTCTCTTCCTA	Prmt5
Prmt5.2	GCCCGGTCTACCTAGCAAGTTT	Prmt5
Prmt5.3	TTTCGGACTCTGTGTGACTATA	Prmt5
Prmt5.4	ATTGGACTCTAGTATCAAGGAA	Prmt5
Prmt5.7	TCTGTGTGACTATAGCAAGAGA	Prmt5
Prmt5.9	TCAAGTTGGAAGTGCAGTTTAT	Prmt5
Prmt6.10	GAACAGCTCAAATGATGATTAA	Prmt6
Prmt6.2	ACAGGTCTAATTCTGTATGAAA	Prmt6
Prmt6.4	GAACGCGAGCACTCTAATCTAA	Prmt6
Prmt6.5	ACCAGCTGTACTACGAGTGCTA	Prmt6
Prmt6.7	GCTGTTCTTAAGTACTATTGAA	Prmt6
Prmt6.8	TAAGCACAGGTCTAATTCTGTA	Prmt6
Prmt7.1	TTAGGTTTCTGATATCAAGATA	Prmt7
Prmt7.10	CAAGCCTCACGTTTCTGTGCAA	Prmt7
Prmt7.5	ATGCCGACATGCTACATGACAA	Prmt7
Prmt7.6	CATGCTACATGACAAAGACAGA	Prmt7
Prmt7.8	ATAAGATTAAAGTCATTAACAA	Prmt7
Prmt7.9	ACATGACAAAGACAGAAATATA	Prmt7
Prmt8.1	CCTGGACAATGTCATCACCATA	Prmt8
Prmt8.10	CCAGTGTGTGTGTGTACAGCAT	Prmt8
Prmt8.2	TAAGCATGTGTTCAAGGACAAA	Prmt8
Prmt8.3	TCCGCTAGAACCTGGAGACATA	Prmt8
Prmt8.4	ATAAGCATGTGTTCAAGGACAA	Prmt8
Prmt8.5	ACTGGAAGCAGACTGTCTTCTA	Prmt8
Prmt8.6	ACCGGAACTCCATGTACCATAA	Prmt8
Prmt8.8	GCAGACTGTCTTCTACTTAGAA	Prmt8
Ptpn23.1	TCAGGCAAAGATGATTATATTA	Ptpn23
Ptpn23.10	TCCGGCCTGACACTGTCAAGAA	Ptpn23
Ptpn23.2	CACCACAGTAGATAGTGTCCAA	Ptpn23
Ptpn23.4	ACTGGAGGAAGATGAGCTGCAA	Ptpn23
Ptpn23.5	GCAGGCTGAGGAGCAACAGAAA	Ptpn23
Ptpn23.7	GCTGCAGTGTTCTTCGAAAGTA	Ptpn23
Ptpn23.8	CCAGGAGGTGCATGCACATTAT	Ptpn23
Rad21.1	TTTCGAGGATGACGACATGTTA	Rad21
Rad21.2	GCTGATTGTTGACAGTGTCAAA	Rad21
Rad21.3	GTCGATGCTATGTTATGTATAA	Rad21
Rad21.5	AAAGGTCGTTAGTTTCTTGTTA	Rad21
Rad21.6	CCAGAAATTATGTGACTATATA	Rad21
Rad21.8	TTGGGACAAGAAGCTAACCAAA	Rad21
Rad21.9	GGAGCTAGATGTGTTCGAGCTA	Rad21
Rad50.10	AAAGGATGCTAAAGAACAAATA	Rad50
Rad50.2	AATGGAGTTGCTGTTCAACTAA	Rad50
Rad50.4	AATGGAGAAAGATAACAGTGAA	Rad50
Rad50.5	ATGGAGTTGCTGTTCAACTAAA	Rad50
Rad50.6	TCTGGTAATCACTCACGATGAA	Rad50
Rad50.9	GATGGAGCTGAAAGATGTTGAA	Rad50
Rag2.1	TAAGGATATCAGTGATAAAGTA	Rag2
Rag2.10	CAACAAGTATTATTGCAATGAA	Rag2
Rag2.3	TCAGAAGCATTCTATTTCTATA	Rag2
Rag2.4	AATGGTCAAAGGTGGAGTAGAA	Rag2
Rag2.5	CCTGCTAACTTGTATAGAATAA	Rag2
Rag2.6	TCTGAATCTACTTTCAATCATA	Rag2
Rag2.7	CCAGGAATGTCTTAAATGAGAA	Rag2
Rag2.9	GATGAAGATGACGAGTCTGTAA	Rag2
Ranbp2.1	AAAGCTGTACTATGAAGCTAAA	Ranbp2
Ranbp2.10	GAAGCAGCACTATTTAAGTGTA	Ranbp2
Ranbp2.2	GTGGGCTCAAAGTCACAGTCAA	Ranbp2
Ranbp2.5	ACAGAATTATGATAATAAACAA	Ranbp2
Ranbp2.6	TTGGGACTGCAGTGTTTGTTTA	Ranbp2
Ranbp2.9	CTTGCAGTGAGATTTAAGACAA	Ranbp2
Rbx1.1	CCTGGGACATTGTGGTTGATAA	Rbx1
Rbx1.10	TCAGGACAACCAGGGCTATATA	Rbx1
Rbx1.2	CAGGGTTAGCAGTGACTGTGAA	Rbx1
Rbx1.3	TCAGCTACTTCCGAAGAGTGTA	Rbx1
Rbx1.4	GTTGGAGGTGGTTGCTGTTTCA	Rbx1
Rbx1.5	TCAAGAAGTGCTCTGTTCTTAA	Rbx1
Rbx1.6	CTGGCAATAAAGTCATCATAAA	Rbx1
Rbx1.7	TACAGAGTGAGTTTCAGGACAA	Rbx1
Rbx1.9	CTCGTCTAGTGACTTCCTGTTA	Rbx1
Rfc1.1	GAAGAAAGTTCTTACAACGAAA	Rfc1
Rfc1.10	GAGGCAGTTGCATGAAGATGAA	Rfc1
Rfc1.5	GCAAGAAGAAGAGGATCATCAA	Rfc1
Rfc1.6	CATGGAGTCAGAGTTTAGTTAA	Rfc1
Rfc1.8	TATGGTGAAATTCTGTAAATAA	Rfc1
Rfc1.9	CACCAACGTCAGTGCTCGACTA	Rfc1
Rfc2.1	TCAGGAGAACCATGGAAATCTA	Rfc2
Rfc2.10	CACCAGAAGATGTCATCGGCAA	Rfc2
Rfc2.2	GCTGGAGGTCTTTGCAAGAGAA	Rfc2
Rfc2.3	CCGGCACAAGATCATCATTCTA	Rfc2
Rfc2.4	CAAGATCATCATTCTAGATGAA	Rfc2
Rfc2.7	ACAAGATCATCATTCTAGATGA	Rfc2
Ring1.1	TCTGCCTGGACATGCTGAAGAA	Ring1
Ring1.3	GCAAGAGGACAAAGGAGGACAA	Ring1
Ring1.5	ACAAAGTATCTATATTGAATTA	Ring1
Ring1.7	TTTGCTTATTTCTTCTTTGAAA	Ring1
Ring1.8	ATAGGTTCTGCTCGGACTGCAT	Ring1
Ring1.9	ACAGCAAGAGGACAAAGGAGGA	Ring1
Rnf2.1	TTAGATTAGTGGTTGTATTAAA	Rnf2
Rnf2.10	AAAAGTACAAGATATGTTCAAA	Rnf2
Rnf2.3	TTACCATGTGTTTATAAATTTA	Rnf2
Rnf2.4	GCCAGACTTGTTTACACTATTA	Rnf2
Rnf2.5	ACCAGTCAGACTTAATGTCTTA	Rnf2
Rnf2.7	CCCGATGCTACATATGTCTCTA	Rnf2
Rnf2.8	AATGCATGTTCGCTGAATATAA	Rnf2
Rnf20.1	AAAGGACTTGTTCAATTTCAAA	Rnf20
Rnf20.2	GAAGCAGGATTCTGAAGACCTA	Rnf20
Rnf20.3	AAAGGAGAGAGAACGAGAGAAA	Rnf20
Rnf20.4	AAAAGGACTTGTTCAATTTCAA	Rnf20
Rnf20.5	GTAGAGTGAACATATACTATTA	Rnf20
Rnf20.7	ATTGGCTGATTGCAGTCAAGAA	Rnf20
Rnf20.8	TCTGGAAGATAAGGAGAAGAAA	Rnf20
Rnf20.9	GTTGGACTTCTTGCTAAAGTTA	Rnf20
Rnf40.1	GAAGAACGAGACCGAAGAGAAA	Rnf40
Rnf40.10	CAAGCGGAAACTTCGAGAAGTA	Rnf40
Rnf40.2	ATTCCAAGGTACTGCAGTTCAA	Rnf40
Rnf40.3	CCAGGAGGGAAGAAACAATCTA	Rnf40
Rnf40.4	CCACGGAGGAGATGGATTCCAA	Rnf40
Rnf40.6	GCAAGCGAGAACAGAAGCTCAA	Rnf40
Rnf40.8	GACCGAAGAGAAAGCAAGAAGA	Rnf40
Rnf40.9	GCAGGCAGAAGAGCAGATTGAA	Rnf40
Rnf6.1	TCTGCTAGATAGACTTAAGTTA	Rnf6
Rnf6.10	ATAGAGAGCGAGCGACATACAA	Rnf6
Rnf6.2	CCAGGACGGTGCTGAAATGCTA	Rnf6
Rnf6.3	TCAAGACTTGTGTCAAGAATAA	Rnf6
Rnf6.4	GTTGCTGGAGCTTCATAGTCAA	Rnf6
Rnf6.5	CATCTGTTAGAAGAATGTTCAA	Rnf6
Rnf6.6	CCAGGTCGACTCCGAGCAGCAA	Rnf6
Rnf6.7	GCAGGGTAGACCAGTACAGCAA	Rnf6
Rnf6.9	ACGGGTAGAAACAGGTCTGTTA	Rnf6
Rps6ka4.1	CTACGATGAGTCCTGCGATCTA	Rps6ka4
Rps6ka4.2	CCAGGAGCAACTCTGCTAAGAA	Rps6ka4
Rps6ka4.4	GTGAGATGTTCACTCACCTCTA	Rps6ka4
Rps6ka4.5	CAGGAGCAACTCTGCTAAGAAA	Rps6ka4
Rps6ka4.8	GAACGTCTTACTTGACTCAGAA	Rps6ka4
Rps6ka5.1	CCAGCTCAAGATTCTTCTTGAA	Rps6ka5
Rps6ka5.2	AAACGACAATTTGGAAATTAAA	Rps6ka5
Rps6ka5.3	CCAGTCTCATGACAGAAGTTTA	Rps6ka5
Rps6ka5.4	TTTGACAGTTGTGTTAATGATA	Rps6ka5
Rps6ka5.5	ACGGGATGCAGAAGAAATCAAA	Rps6ka5
Rps6ka5.6	CACGGGATGCAGAAGAAATCAA	Rps6ka5
Rps6ka5.8	AAAGGATAGTGTCTAACATGTT	Rps6ka5
Rps6ka5.9	GATGCTGGAAAGCTGTATGCTA	Rps6ka5
Ruvbl1.1	AAAAGACAGAGATCACAGATAA	Ruvbl1
Ruvbl1.10	TCAAGCATGCTTTGCAGTGTTA	Ruvbl1
Ruvbl1.2	AAAGACAGAGATCACAGATAAA	Ruvbl1
Ruvbl1.4	GCAGGACAAGTACATGAAGTAA	Ruvbl1
Ruvbl1.5	GCACAAGAAGAAGGAAATCATA	Ruvbl1
Ruvbl1.8	GCAGTGTTACAGTTTCTTTGTA	Ruvbl1
Ruvbl1.9	GTGGGTAGCGAGGTATACTCAA	Ruvbl1
Ruvbl2.1	GTCCGAGAACAGATCAATGCAA	Ruvbl2
Ruvbl2.10	GATGAGCAAGACTGAGGCTCTA	Ruvbl2
Ruvbl2.3	TCCGGATCAAGGAGGAGACAGA	Ruvbl2
Ruvbl2.5	TCCGAGAACAGATCAATGCAAA	Ruvbl2
Ruvbl2.6	TCCGAGATGTGACAAGAATCGA	Ruvbl2
Ruvbl2.7	CAAGACTGAGGCTCTAACGCAA	Ruvbl2
Sae1.1	GCTCCAGAGATGTCATCATTAA	Sae1
Sae1.10	GCAGGATTTACTGTAAATTTCA	Sae1
Sae1.2	CTCCAGAGATGTCATCATTAAA	Sae1
Sae1.3	CCAAGTTGGTCTACATAATGTA	Sae1
Sae1.4	GTCGACCAGATCTGTCACAGAA	Sae1
Sae1.5	CCCCGACTACTTTCTGCTGCAA	Sae1
Sae1.6	AAAGGTGGACACTGAGGATGTA	Sae1
Sae1.8	GCTGGATAAAGGATGATAATAA	Sae1
Sae1.9	ACACTGAGGATGTAGAGAAGAA	Sae1
Sbf1.1	CCCGTTGGTTTGTCCTAGACAA	Sbf1
Sbf1.2	CCAGCTTCAAGAAACTATTGAA	Sbf1
Sbf1.3	GCTGGATGTGATTGTTGCTGAT	Sbf1
Sbf1.4	TCAGCTGGACTCTGTTGAGGAA	Sbf1
Sbf1.7	CTAGAACCAGAGTCTATATAAA	Sbf1
Sbf1.9	TTCCAGTCGTTACAGACCACTA	Sbf1
Setd1a.1	GCTGGATTGTACATAATGTTAA	Setd1a
Setd1a.10	AAGCAGAGATAGCAGAAAGCAA	Setd1a
Setd1a.2	TTAGCAAGAAGGAGAAAGATAA	Setd1a
Setd1a.5	ACAAGTTCCCACTAGAAGACAA	Setd1a
Setd1a.6	CCCGGCGGTCAGAGAACAGCTA	Setd1a
Setd1a.7	AAAAGATTGTCATCTACTCGAA	Setd1a
Setd1a.8	CCAGATGCAGACCCAGATGTTA	Setd1a
Setd1a.9	TTTGCGAAGAAGAAGCTGTAAA	Setd1a
Setd1b.1	ACAGGTTGTTTCTCCTAGAGAA	Setd1b
Setd1b.10	CCCAGCTCAAGTTTCGAAAGAA	Setd1b
Setd1b.4	CCCAGAAGAAGATCGTCATCTA	Setd1b
Setd1b.5	CCCCGATCGAAGATGTCAAGAT	Setd1b
Setd1b.6	ACACCATCGACAAGAAGGACAA	Setd1b
Setd1b.7	ACAGGCTTTGTATCCTTATGTA	Setd1b
Setd2.1	TCTGGATCTTCTGCAAGTTCAA	Setd2
Setd2.10	TATCAAGGACAGACATGTTCAA	Setd2
Setd2.2	GCAGGAAGTTGTTTGAACAAGA	Setd2
Setd2.3	CATGGAAGACAGTGATGGTATA	Setd2
Setd2.4	AATGGTTGTAACAAATAATCTA	Setd2
Setd2.5	CTCGGACGTCACTAGTGAGCTA	Setd2
Setd2.6	AAAGGTAGTGAATTAAGAACAA	Setd2
Setd2.7	TCAGATATATACTGTTCTCCAA	Setd2
Setd3.10	GATGAGGCACAGTGGAGAGAAA	Setd3
Setd3.2	CAGAGACTGTCAGCAAAGTCAA	Setd3
Setd3.4	AAAGTTACTAATGACTGTTGAA	Setd3
Setd3.5	TCAGCTGGGACAATGAGGTCAA	Setd3
Setd3.6	GCCCCTGTATTCTCAAGACCGA	Setd3
Setd3.8	TGAGAGCAACAAGAGACATCAA	Setd3
Setd4.1	GCTGCGAGTTGTTCTCAGCTAA	Setd4
Setd4.10	GCTGGCCTTGTGTACTTTCTTA	Setd4
Setd4.2	TCCGATACAAACGAGAAGACAA	Setd4
Setd4.3	CTGCGAGTTGTTCTCAGCTAAA	Setd4
Setd4.4	TCTCGGCAGACATGCTGGTTAA	Setd4
Setd4.7	GAAGGGACAGTGTCACTGAGAA	Setd4
Setd5.10	GAAAGTCATGTTACGACAACAA	Setd5
Setd5.2	TTCCAAGTTGTTTCACAGTTTA	Setd5
Setd5.4	CACCAAAGACGAAGAAGATCAA	Setd5
Setd5.5	CCAGATACTTCCTACTCAGATA	Setd5
Setd5.6	GCAGGTGAGAGTTAGCAAGTCA	Setd5
Setd5.7	CAAAGACGAAGAAGATCAAGAA	Setd5
Setd5.9	ATCAGAAGATCATGTACACCAA	Setd5
Setd6.1	ATCGGGTGTTGGAACTCACAAA	Setd6
Setd6.2	GAAGAGCGGTTGCGACTCCTAA	Setd6
Setd6.3	GCTGAGGAGTTCAGAGACTATA	Setd6
Setd6.5	TGAGGAGTTCAGAGACTATAAA	Setd6
Setd6.7	GATGGCTTATAGCTTTCAAGAA	Setd6
Setd6.8	GTCCGCTATGGTCAGAAGATGA	Setd6
Setd7.1	AAAGGTTCACAAATATCTTCAA	Setd7
Setd7.2	ATTGAGATATAATGCAGATCAA	Setd7
Setd7.4	GCAGATCAAAGGTTCACAAATA	Setd7
Setd7.6	TTACCTTGTTTGCATCAAGTTA	Setd7
Setd7.7	GACCGTGTTCAGAGATACCAAA	Setd7
Setd7.8	CTAGCTATACTTTACAAGAGAA	Setd7
Setd7.9	ACAGGTAGAGAGCGGTTTGATA	Setd7
Setd8.1	GCTGGTTGGTTTGTGTAGAGAA	Setd8
Setd8.10	CAGGGTGGACAGTCAGATTAGA	Setd8
Setd8.2	AAAGCACTGTTCTCCTGCTCAA	Setd8
Setd8.4	GATGCTGTCAGCTGTCAGTCTA	Setd8
Setd8.5	CATGATGGTGCTACCTACGAAA	Setd8
Setd8.6	ACTCACACTCACTCTTAGCTAA	Setd8
Setd8.9	AAGCGCTGTGAAGTCAGATGAA	Setd8
Setdb1.1	AAAGGTCCTGTTGTTCAGTATA	Setdb1
Setdb1.2	GCCGAGACTTCATAGAGGAATA	Setdb1
Setdb1.4	GACAGATGACTTTGCAGACAAA	Setdb1
Setdb1.6	GAAAAGCAGTTCTCAAGATCTA	Setdb1
Setdb1.7	GTGGGTAGACATGACCACTCTA	Setdb1
Setdb1.9	GCTCAAGATGTCCAGAAGTTCA	Setdb1
Setdb2.10	AAAGACGACATGCAAAGACAAA	Setdb2
Setdb2.2	TCTGGATGGAGCTACAAGATGA	Setdb2
Setdb2.3	CAAGCTTAGTGGTGATCTCAAA	Setdb2
Setdb2.4	CAAAGACGACATGCAAAGACAA	Setdb2
Setdb2.5	GAAGAATAAAGCTGACAATTTA	Setdb2
Setdb2.6	CCACAGAGATGCAGCTGTCAAA	Setdb2
Setdb2.7	GCTCACGAGGACTTAAGTTCAA	Setdb2
Setdb2.9	CTAGAAGTTGTGTGTTCAGATT	Setdb2
Setmar.2	CCAAGTAAGTAGTAAAGACAAA	Setmar
Setmar.3	GCCCAGATAGAATGTCCATCAA	Setmar
Setmar.4	CCCGACAGAACAACAAGATGTA	Setmar
Setmar.5	CCAGATAGAATGTCCATCAATA	Setmar
Setmar.7	CCGGCAATAAAGCTGTCTTCTA	Setmar
Setmar.8	CCTGCCCTATGACAGTTCACTA	Setmar
Setmar.9	TCCCAGAATACTTGTCTTTGTA	Setmar
Setx.1	CCAGTGTGAATCTAGAGTGTTA	Setx
Setx.2	ACAGCAGAATGTAGTTGCATTA	Setx
Setx.3	ATCGAGTATTGATGAAAGTAAA	Setx
Setx.4	TACAGATGATGATGACAACTTA	Setx
Setx.7	TCTGCATGAGCGTGTTAATGAA	Setx
Setx.8	TCTGGAGTGTATAGTCCAATTA	Setx
Setx.9	GTAGGACCTTGGTCAAGCTACA	Setx
Siah2.1	CTAGGAGGTAGCAGTTGCTTTA	Siah2
Siah2.10	ACAGTTAGTTGTTGCTCACCAT	Siah2
Siah2.2	GTACGGATGACTTGTTTACATA	Siah2
Siah2.3	CCAGGATCTAAAGGTGCTTTAA	Siah2
Siah2.8	TACGGATGACTTGTTTACATAT	Siah2
Siah2.9	ATAGCGCTCTATGTTTAATAAA	Siah2
Sik1.10	ACAGAGTAGAGGTGTCAGGGAA	Sik1
Sik1.2	ATAGGTCAGTGTTTGTAAAGTT	Sik1
Sik1.4	GCCGATTGACTCTTCCAAGCAA	Sik1
Sik1.5	ACCCAAATATCATCAAGCTTTA	Sik1
Sik1.6	TCTGGAGGTTCCTCAAGAAATT	Sik1
Sik1.7	CCAAGAACTTTCTAGACGTGAA	Sik1
Sik1.8	CCTGGGACTGAACAAGATCAAA	Sik1
Sik1.9	TAAAGCAAATACTGTATGTGTA	Sik1
Sin3a.1	GTAGGTTCAAGCTGAACTCCTA	Sin3a
Sin3a.10	TATGCTTTGATGTGCTAGCATA	Sin3a
Sin3a.2	AAAGGTTGAAGATGAAAGAAGA	Sin3a
Sin3a.3	TATGGATGTTGATGTAGAAGAT	Sin3a
Sin3a.5	ACTGCTTCAAGCTAATGTTCAT	Sin3a
Sin3a.6	GTTCATTCAAAGTCAAGGTCAA	Sin3a
Sin3a.7	CTTCAAGCTAATGTTCATTCAA	Sin3a
Sin3a.9	GAGGGATGGATGAAGTATATAA	Sin3a
Sin3b.1	TCAGCTATGTGAACAAGATCAA	Sin3b
Sin3b.10	TTCCCAAGAACGGCAAGCTGAA	Sin3b
Sin3b.2	TCTAGTTGACTTTCTACAGTAA	Sin3b
Sin3b.3	CACCCATGATGGTGGATTTCTA	Sin3b
Sin3b.4	TCTGTGGAGTTCAACAATGCTA	Sin3b
Sin3b.7	GTTCAACAATGCTATCAGCTAT	Sin3b
Sin3b.9	GAGGCAAAGCGGTCCCTGTTTA	Sin3b
Sirt1.1	AGAGGTTGTTAATGAAGCTATA	Sirt1
Sirt1.10	CAAGCAACAAACAACAATGTTA	Sirt1
Sirt1.2	AAACAACAATGTTAATGATTTA	Sirt1
Sirt1.3	TTCAGTTGTTCTAGAAACAATA	Sirt1
Sirt1.4	GTAGCACTAATTCCAAGTTCTA	Sirt1
Sirt1.5	CCACAAGAAGTACAGACTAGTA	Sirt1
Sirt1.6	TTTGCATGATGTGTTTGTGCTA	Sirt1
Sirt1.7	GTAGGAATGTTGAGAACATTAA	Sirt1
Sirt1.8	GAAGACTCAAGTTCACCTGAAA	Sirt1
Sirt2.10	TAGGGGCTGGACTCTACAAATA	Sirt2
Sirt2.3	CTTGCTTATTAGAAACAAATTA	Sirt2
Sirt2.4	GCAGCTTGTGTGAGCTCAAAGA	Sirt2
Sirt2.5	GCTGGATGAAAGAGAAGATCTT	Sirt2
Sirt2.6	GACCTTGCTTATTAGAAACAAA	Sirt2
Sirt2.7	CTGGCTGGGTGACTGTGATCAA	Sirt2
Sirt2.8	GCCGGACCGATTCAGACTCGGA	Sirt2
Sirt2.9	CCAGGACCAAAGAGAAAGAGGA	Sirt2
Sirt3.10	GCCCCGACTGCTCATCAATCGA	Sirt3
Sirt3.2	ACAGGCCCAATGTCACTCACTA	Sirt3
Sirt3.3	ATGGACAGGACAGATAAGACTA	Sirt3
Sirt3.4	ACAGCTCCAACACGTTTACAAA	Sirt3
Sirt3.5	AATCTAGCATGTTGATCGGTAA	Sirt3
Sirt3.6	CCTGCAAGGTTCCTACTCCATA	Sirt3
Sirt3.7	CCAGCTTGTCTGAAGCAGTACA	Sirt3
Sirt3.9	AAGGAAAGATGTGGTCCAGCTA	Sirt3
Sirt4.1	TCACGGATTTGGAGTCAGACAA	Sirt4
Sirt4.10	CCAGGAGGATCACGGATTTGGA	Sirt4
Sirt4.2	GCCGCTCCAACTCTGAATCCTA	Sirt4
Sirt4.4	AAACAAACAAACACTACAAGAA	Sirt4
Sirt4.5	TTCCGCTGCTCAAGATCCCTAA	Sirt4
Sirt4.6	TTGGGTGAGAATTGTGGAAGAA	Sirt4
Sirt4.8	CCAGGCAGAAGTCAGTAAACCA	Sirt4
Sirt4.9	GTTGGGTGAGAATTGTGGAAGA	Sirt4
Sirt5.1	TCCCAGTTGTGTTGTAGACGAA	Sirt5
Sirt5.10	GCTGTCAAGTCCTTCCATATTA	Sirt5
Sirt5.2	CCCAGTTGTGTTGTAGACGAAA	Sirt5
Sirt5.3	TTCCCAGTTGTGTTGTAGACGA	Sirt5
Sirt5.4	GCCCCAAGCAGACAATCTGTTA	Sirt5
Sirt5.5	GTGGCACTGTTGCCGAGAACTA	Sirt5
Sirt5.6	ATGGCTCGTCCAAGTTCAAATA	Sirt5
Sirt5.8	TCTGGAAATCCACGGAACCTTA	Sirt5
Sirt5.9	GAAGGCAATTATCCTGATTGTA	Sirt5
Sirt6.1	TCTGGTCATTGTCAACCTGCAA	Sirt6
Sirt6.2	CCTCCCGAGTACTGGTGTTAAA	Sirt6
Sirt6.3	GTAGAGGAATGTCCCAAGTGTA	Sirt6
Sirt6.5	GTCAGTCTTTGTTGTTTCTGAA	Sirt6
Sirt6.6	GTCCCAAGTGTAAGACGCAGTA	Sirt6
Sirt6.7	CTCCCAGAAGCTCCCAATGCAA	Sirt6
Sirt6.9	CACCAGAGGAGCTGGAACGCAA	Sirt6
Sirt7.1	CCAGCTTGAAGGTACTAAAGAA	Sirt7
Sirt7.2	TCACGTACAAGTGTTCACTTTA	Sirt7
Sirt7.4	ATAGCCCGGAGTTGACAAAGAA	Sirt7
Sirt7.5	ACAGAGAGTATGTACGAGTGTT	Sirt7
Sirt7.6	TACAAGTGTTCACTTTATAGAA	Sirt7
Sirt7.9	TACGAGTGTTTGATGTGACTGA	Sirt7
Smarca1.1	CATCGATGAAGCTCACAGAATA	Smarca1
Smarca1.2	GAACCTAGATTCTATAGCTGTA	Smarca1
Smarca1.4	ATCGGAAGACTATAGGTTACAA	Smarca1
Smarca1.5	GATGAAAGATATTGATGTCTTA	Smarca1
Smarca1.6	AAAGGACTGTCTATAAGAAATA	Smarca1
Smarca1.7	CCCAGCTATAGCTCAAAGAGAA	Smarca1
Smarca1.8	GTTCGTGAGTTCAAGTCAACTA	Smarca1
Smarca1.9	ATTGTTCGTGAGTTCAAGTCAA	Smarca1
Smarca2.10	TAAGATTTATGTCTACTGTAAA	Smarca2
Smarca2.2	GATGGACCTGATGGTTGTGTTA	Smarca2
Smarca2.5	CTACGAAGACTCCATTGTCCTA	Smarca2
Smarca2.6	ATAAGATTTATGTCTACTGTAA	Smarca2
Smarca2.7	AATGGATGGTTTCCCTGTATAA	Smarca2
Smarca2.9	ACAGGAAGAGAACGAACAGTCA	Smarca2
Smarca4.1	GAAGGTAGAGTATGTCATCAAA	Smarca4
Smarca4.2	ACAGCGACTCACTGACAGAGAA	Smarca4
Smarca4.4	ACTGGAGTCAGACAGTAATAAA	Smarca4
Smarca4.6	ACTGATGAACACTATTATGCAA	Smarca4
Smarca4.7	GCGGCTCAAGAAGGAAGTTGAA	Smarca4
Smarca4.8	GTAGCTCCAGTAAAGATGTCTA	Smarca4
Smarca5.1	GCAAGATGGTGGTGTTAGACAA	Smarca5
Smarca5.10	TCAAGAAAGCACTAGATACAAA	Smarca5
Smarca5.3	TCAGCTTGGTTGTGTAATTAAT	Smarca5
Smarca5.4	ACTGGAGATACTTAGTTATAGA	Smarca5
Smarca5.5	ACTGGATTCGATAGTAATTCAA	Smarca5
Smarca5.7	CTCGGATATTAATGAAAGATAT	Smarca5
Smarca5.8	TTAGTAGCAAGATGGAGTATAA	Smarca5
Smarca5.9	AATGAAAGATATAGACATATTA	Smarca5
Smarcal1.1	CCAGGTCAGTATGGTCAGCTTA	Smarcal1
Smarcal1.10	CCACCAAGTCAGTTCAGGAGTA	Smarcal1
Smarcal1.3	CTAGAGTCAACAGACTAGCATA	Smarcal1
Smarcal1.5	TCTGATTCAAGAGAAGATTAAA	Smarcal1
Smarcal1.6	GCCCAGTCTTATCAAGATGCTA	Smarcal1
Smarcal1.7	TTCCTATGACTGTCTCAGATTA	Smarcal1
Smarcb1.1	TTCCGAGGTTCTCTGTACAAGA	Smarcb1
Smarcb1.10	ACCCAGCTGTGATCCATGAGAA	Smarcb1
Smarcb1.3	ATGGCAATGACGAGAAGTACAA	Smarcb1
Smarcb1.4	ATGGGTCGGGACAAGAAGAGAA	Smarcb1
Smarcb1.5	CGAGGTTCTCTGTACAAGAGAT	Smarcb1
Smarcb1.6	GATGGCAATGACGAGAAGTACA	Smarcb1
Smarcb1.7	TTCGACAGCAGATTGAGTCCTA	Smarcb1
Smarcb1.8	CCCCAGAGAAGTTTGCCCTGAA	Smarcb1
Smarcc1.10	TCAGGTCCTTAGTTGACACTCA	Smarcc1
Smarcc1.2	TAAGGAAAGTATCCTAAGTTAA	Smarcc1
Smarcc1.4	TCTGGTTGTCTGTGCAGAAGAT	Smarcc1
Smarcc1.5	GCAGCTTCTACAGTTCCAAGAA	Smarcc1
Smarcc1.6	GCAGGATGAAGAAGCAGTTACA	Smarcc1
Smarcc1.7	TCAGAAGGAAGAAGATGAGCAA	Smarcc1
Smarcc1.8	ACAAGTTGAAAGATATCATCAA	Smarcc1
Smarcc1.9	CCTAGTACACGATAGATAGCAA	Smarcc1
Smarcc2.1	TCAGCTTTGTGTTTGTGTTTAA	Smarcc2
Smarcc2.10	CCACAGAGAAGAGGAACAAGAA	Smarcc2
Smarcc2.2	CCCCAAGAAAGATGAAGAGAAA	Smarcc2
Smarcc2.3	CCTGGATGAACAGGACGATGAA	Smarcc2
Smarcc2.5	CAAGGACGACTGGAACAAAGTA	Smarcc2
Smarcc2.6	ATTCAGACAGACGAGACAAGAA	Smarcc2
Smarcc2.8	TCGGCAAGAACTACAAGAAGTA	Smarcc2
Smarcc2.9	CCAGATTCAGACAGACGAGACA	Smarcc2
Smarcd1.1	ATAGGACCTCTAGATAGTGTTA	Smarcd1
Smarcd1.2	ATGAGACGATAGAGACCATCAA	Smarcd1
Smarcd1.3	TTCAGGACAGTGTCACAATGAA	Smarcd1
Smarcd1.4	ACCTCTAGATAGTGTTAGAGAA	Smarcd1
Smarcd1.6	ACCCAGCGAGAGTTCATGTTGA	Smarcd1
Smarcd1.7	TCTGTCTCACAGTCACCTGTTA	Smarcd1
Smarcd1.9	TTGGAGTGTGTGTTGAATTGTT	Smarcd1
Smarcd2.1	ACTGCTGGATGATCCTAGCAAA	Smarcd2
Smarcd2.2	TCCCCAGCTTTAGTTTCATAAA	Smarcd2
Smarcd2.3	AGCGCGAGTACATCAACTGCAA	Smarcd2
Smarcd2.4	CCTGCTATGACATTGATGTAGA	Smarcd2
Smarcd2.5	TTGAGTTGGACAAGGAACTCTA	Smarcd2
Smarcd2.7	TACCAGACATTTCCAAACCAAA	Smarcd2
Smarcd2.9	CAACGCCGAGACCTCAAGATCA	Smarcd2
Smarcd3.10	GACCCATCAGACCAGAAGAAGA	Smarcd3
Smarcd3.3	TGTGGCAGTATGTGAAGACCAA	Smarcd3
Smarcd3.4	CATGAGACGATTGAGTCCATAA	Smarcd3
Smarcd3.5	CCAGGCTTACATGGACCTCCTA	Smarcd3
Smarcd3.7	AAACAGATGGGTTCCAAGTGAA	Smarcd3
Smarcd3.8	TTGAGTTGGACAAAGACCTTTA	Smarcd3
Smarce1.1	TAAGGAATGGAATGTTCTTATA	Smarce1
Smarce1.10	AATGGTTCATCAGCGGAAACTA	Smarce1
Smarce1.5	GAAGCAAGAATATTTAAACGAA	Smarce1
Smarce1.6	GTGGCGAGATCTCACTGATGAA	Smarce1
Smarce1.7	AAGCGACAGGTCCAGTCTTTAA	Smarce1
Smarce1.8	GCAGAATCGACTCTTCCAAATA	Smarce1
Smarce1.9	CCAGGAGTTCTCTTACAGGGTA	Smarce1
Smc1a.1	CATGGATGATATTAGTCAGGAA	Smc1a
Smc1a.2	ATCGGACCATTTCAGAGGTTTA	Smc1a
Smc1a.3	AAAAGTCAGAAGTAAACGACAA	Smc1a
Smc1a.4	GAACATGGATGCTATTATTGTA	Smc1a
Smc1a.5	CAACAACAAAGTTGTCCAGCTA	Smc1a
Smc1a.7	CCAGCTACATGAATACAGTGAA	Smc1a
Smc1a.8	CTGAGTACAAGATCAACAACAA	Smc1a
Smc1a.9	CCAGGACCGTCTAGATCTGGAA	Smc1a
Smc1b.1	GCTGCTAGATTGCAAAGTTCAA	Smc1b
Smc1b.10	CTAAGAAATTGATAACAGACAA	Smc1b
Smc1b.2	TAAGATGATGATCGATGTTATA	Smc1b
Smc1b.3	TCAGGAACAGTTTCAGATGATA	Smc1b
Smc1b.4	CCACGAGTATCAATGTCTCCAA	Smc1b
Smc1b.5	AATCAAGAATGTCTGAAGTTAA	Smc1b
Smc1b.7	ATTGAGTCTTATTAGAAATGAA	Smc1b
Smc1b.8	AATGGAGCTAACTGAAACAGAA	Smc1b
Smc1b.9	CAAAGTTCAAGACATTGACATA	Smc1b
Smc2.1	TCAAGAAGTCAAAGATGTTCAA	Smc2
Smc2.10	TCACGTTAGTGAGGTTGGACTA	Smc2
Smc2.2	TCAGATACAGAATAGTTGTAAA	Smc2
Smc2.3	TAACCAAGTTTCAAGAAGTCAA	Smc2
Smc2.4	GAAGGTATGTTCAACAATGCAA	Smc2
Smc2.5	GTTGGACTATCATGTTTATGTA	Smc2
Smc2.6	GGAGGTTGAAGCTATTACTCTA	Smc2
Smc2.7	ATACAGAATAGTTGTAAAGAAA	Smc2
Smc2.8	GATCCAAGTTGTTTATATAATA	Smc2
Smc2.9	CTTGGTTGACTATAAACCAGAA	Smc2
Smc3.1	TCAGGATCTCAATGAAGTCAAA	Smc3
Smc3.10	GCTGAAAGACAAGAGCAGATTA	Smc3
Smc3.2	ACAGCTTAGTGCTGAAAGACAA	Smc3
Smc3.3	AAAGGACCAAGTTGGAGCTTAA	Smc3
Smc3.4	TCACATTGTTGATTCAGATGAA	Smc3
Smc3.5	TATGGTGTAAAGTTCAGAAATA	Smc3
Smc3.6	GCACCAGATTCTCAGAGATTAA	Smc3
Smc3.7	ATACATACTGTGTTCAGTTCTA	Smc3
Smc3.8	ATTGGATCAGGATCTCAATGAA	Smc3
Smc3.9	TTCCGAAGTTACCGAGACCAAA	Smc3
Smc4.1	TTTGGATCAAGCTACAAGAGTA	Smc4
Smc4.10	TCAGAGTTGTACTGTAGAAGTT	Smc4
Smc4.3	ACTGGAGCTTGTGGACAGTTTA	Smc4
Smc4.4	GTCGGAGAGTTGAAATATTAAA	Smc4
Smc4.6	GTGGGAAGAAGAAGACGTTTAA	Smc4
Smc4.7	GCAGAATAGAATTGCTGAAATA	Smc4
Smc4.8	ACTAGATTTGGAAGATGTTCAA	Smc4
Smc4.9	ATTGGACTACATTGTTGTTGAT	Smc4
Smc5.1	TCACGATTAATATGAAAGATAA	Smc5
Smc5.10	CACCCGCGAGATTGATGTGATA	Smc5
Smc5.2	ACAGACAGAGATTGTTACAGAA	Smc5
Smc5.3	AACGGAAGGACAGACAGATTAA	Smc5
Smc5.6	TCAGAGTAGTCGATGAAATTAA	Smc5
Smc5.7	GAAGGACAGACAGATTAAGGAA	Smc5
Smc5.9	AACCCATAATGCTCACGATTAA	Smc5
Smc6.2	GTACAAAGATATACAAGATAAA	Smc6
Smc6.3	TTGCGATGGACATGATCCTTAA	Smc6
Smc6.5	ATACAATTAAATTGAAGATTAA	Smc6
Smc6.6	GACAGTGCAAGTTGACAGCTTA	Smc6
Smc6.8	AAGGAAGATTATTCATATATTA	Smc6
Smc6.9	CAAGAATGAAACTCTTAGTATA	Smc6
Smchd1.1	GCAGCTTGTGGATGAAATGAAA	Smchd1
Smchd1.10	GTAGGAAAGAAATTACCTGTAA	Smchd1
Smchd1.2	GAAGGTTATTCTTCCTGGTTTA	Smchd1
Smchd1.3	TCAGGAACATTAGAATCATATA	Smchd1
Smchd1.4	AAAGGATGAAGACGACGATGAT	Smchd1
Smchd1.6	CGCGCTTCTGTGTGTCAGACAA	Smchd1
Smchd1.8	CCTGACTAGAGATGGAGATAGA	Smchd1
Smg6.10	TACAGGTTACTTACAAGTTCAA	Smg6
Smg6.2	AAAAGAAGAAGTTAATAACAAA	Smg6
Smg6.4	ACAGGTTACTTACAAGTTCAAA	Smg6
Smg6.6	AAAGGGTCACAGTGCTGAAGTA	Smg6
Smg6.7	TCTCGACTAAGGAACAGACCTA	Smg6
Smg6.8	CCAGGAGGAGCTCAGAAAGGAA	Smg6
Smg6.9	ACAAGTTCAAACTGGAGGACTA	Smg6
Smyd1.10	GAGGATTTGTTCTTCTCTAGAA	Smyd1
Smyd1.2	TCAAGTTCAAACTCCAAAGTTA	Smyd1
Smyd1.6	GCCGTCTCCTGGTCAAGTTCAA	Smyd1
Smyd1.7	CAAACTGCACTGTCATATTCAA	Smyd1
Smyd1.8	CATGGCTGAGCCTAGCAATGAA	Smyd1
Smyd1.9	TTAACTGGAGACTACTCACAAA	Smyd1
Smyd2.1	GCCCGAATGTCATTGTGACCTA	Smyd2
Smyd2.2	CAAGCTAGACAACGAGAAGAAA	Smyd2
Smyd2.4	CCTGGCAGAAGTCAGAGCTGTA	Smyd2
Smyd2.5	ACAAGCTAGACAACGAGAAGAA	Smyd2
Smyd2.6	CATGGCATGAGTTCACAGAATA	Smyd2
Smyd2.8	ATCCGTACATCTCTGAAATCAA	Smyd2
Smyd3.1	GAAGCTGATGCGTTGTTCTCAA	Smyd3
Smyd3.2	GCAGAACCATTACAATAAATTA	Smyd3
Smyd3.4	TAGGGTAGAATATGTTCAAGTT	Smyd3
Smyd3.5	ATGCGTTGTTCTCAATGCCGAA	Smyd3
Smyd3.6	CCTCTGTGTGTGTGTGTATATA	Smyd3
Smyd3.7	TCTGGAGTCCAATATTAGCAAA	Smyd3
Smyd3.8	TCAGAGGTGTGCAAGTGATGAA	Smyd3
Smyd3.9	GTAGAGAGACCCTGTTCCAGAA	Smyd3
Smyd4.10	TCCCCTGGTAACTGCTGCTAAA	Smyd4
Smyd4.3	TATGGAAGTAATTATAATGCTA	Smyd4
Smyd4.4	TATGGTTTCTAGTAGTAATGAA	Smyd4
Smyd4.5	TGAAGATGTTGATAGAGTTGTA	Smyd4
Smyd4.6	AATGGAAGTCCTACCTACTTAA	Smyd4
Smyd4.7	GATGCTGCAGTGCTGTACTCTA	Smyd4
Smyd4.8	CCGCACTGTGCAGACAACTCAA	Smyd4
Smyd4.9	AAAGACTAAATCCAGTATCTAA	Smyd4
Smyd5.1	TCAGGGAGAACTACTTGTTCAA	Smyd5
Smyd5.10	AAAGAGGTGATGTGAAGCCTTA	Smyd5
Smyd5.2	GATGACAGATTGTGCTCTATAA	Smyd5
Smyd5.3	ACAGATTGTGCTCTATAATTTA	Smyd5
Smyd5.5	GCTGCAGAGCAGTACCACCAAA	Smyd5
Smyd5.8	GCAGCTGTGAGACGGGAATCAA	Smyd5
Snd1.1	GCCCGCTGTGTGGACTGGTCAA	Snd1
Snd1.10	TCAGAATGCGAGGAACAAGCAA	Snd1
Snd1.2	GAAAGAAGTCTGTTTCACGATA	Snd1
Snd1.3	TCCAGAAAGTGATCACAGAATA	Snd1
Snd1.4	CAAGGAGAAGCAGTTCCAGAAA	Snd1
Snd1.5	TCACAGATGACCTGCACTTCTA	Snd1
Snd1.6	TCAGAGAGATGTTCAGATCATT	Snd1
Snd1.8	AACCATGAAAGACTTTGTGTTA	Snd1
Spast.1	TCAGCTCAATGGTTAAACAGAA	Spast
Spast.10	ACAGGACAAACAGAATTTGAAA	Spast
Spast.2	TCTGGTTCATTACTGATTATAA	Spast
Spast.3	TAAGGATTGGTAGCTCATGTTA	Spast
Spast.4	ATTCGTTGTTGTTTGTGTAAAT	Spast
Spast.5	TTAGGAGCTAAGACATTTCTAA	Spast
Spast.6	CAAGGACCGTTTACAACTTCTA	Spast
Spast.9	GCTGTTTATAGCTGTAATTTAA	Spast
Stk31.1	AAAGCAGATGATTGACTGTTTA	Stk31
Stk31.10	GAAGATTGGTTGTTCACTCTCA	Stk31
Stk31.2	TCAGCATAGCAGAGAAGATGAA	Stk31
Stk31.3	ATAGCAGAGAAGATGAATCAAA	Stk31
Stk31.5	TAAAGTTGAAGATGTTGTTGGA	Stk31
Stk31.6	ACAGGACCAGAAACTTATTGAA	Stk31
Stk31.7 	TCAAGAGTTTGAGACAAATGAA	Stk31
Stk31.8	CATGGATCTGACTAAGCATTTA	Stk31
Stk31.9	GCTGAATGTTTCTTGCTTCCAA	Stk31
Stk4.1	ATAGCTACAATATTACAATCAA	Stk4
Stk4.2	CCAGATTGTTGCAATCAAGCAA	Stk4
Stk4.3	TCAGAGACTAGTAGTAATAATA	Stk4
Stk4.5	TCTCACGAAGACTTAAGTCTAA	Stk4
Stk4.6	CGAGGAAGTGTTTGATGTCTTA	Stk4
Stk4.7	GTTGCTAGACTCATGTCTGTTA	Stk4
Stk4.8	TAAGGTTTGGATGTAAATAATA	Stk4
Stk4.9	ACAGGGACAGCAAAGTCCTAAA	Stk4
Sumo1.10	AAGGAGAATACATTAAACTCAA	Sumo1
Sumo1.2	TCAGCAGTTATTAATAAAGTTA	Sumo1
Sumo1.3	ATAGCAGTGAGATACATTTCAA	Sumo1
Sumo1.4	GCAAGACAGTATTGTCAGAAGA	Sumo1
Sumo1.6	GAAGGAAGGAGAATACATTAAA	Sumo1
Sumo1.7	CGCGGTGTTGTGCTGTAGAGAA	Sumo1
Sumo1.9	GGAGGAAGAAGATGTGATTGAA	Sumo1
Sumo2.1	CAAGCGTCTTGTTGTTTAAATA	Sumo2
Sumo2.10	ATGGTTCTGTGGTGCAGTTTAA	Sumo2
Sumo2.2	GATGGTTCTGTGGTGCAGTTTA	Sumo2
Sumo2.3	CCACATCCTGACTACTACAGTA	Sumo2
Sumo2.4	AAGGAGTCAAGACTGAGAACAA	Sumo2
Sumo2.5	ACCGATGTTCTGTTCTGGTTGA	Sumo2
Sumo2.6	GTAGCTGTTACATGTAGGGCAA	Sumo2
Sumo2.8	AAGCGTCTTGTTGTTTAAATAA	Sumo2
Sumo2.9	ACTGGTGTATGTGCACACTCAT	Sumo2
Sumo3.1	ATGGCTCGGTGGTACAGTTCAA	Sumo3
Sumo3.10	GTACATTATCTGTTGTCCTTTA	Sumo3
Sumo3.3	GAGAGCTCACTCTAAAGTTCAA	Sumo3
Sumo3.4	TAAGATCGTGTGTTGCATAGTA	Sumo3
Sumo3.5	TTCCGGTTTGATGGACAACCAA	Sumo3
Sumo3.6	TTAGTCTATCAGTCGAGCACAA	Sumo3
Sumo3.7	CAGGGTGTAGTGTGAAGTATCA	Sumo3
Sumo3.8	GCGGGGCGAGAGCATTACATAA	Sumo3
Sumo3.9	ACCCAAGTACATCATTGTAGAA	Sumo3
Suv39h1.1	CAAGGTCCTTTGTCTATATCAA	Suv39h1
Suv39h1.10	TCTGTATGACTTTGAAGTTGAA	Suv39h1
Suv39h1.5	GCAGGTGTACAACGTATTCATA	Suv39h1
Suv39h1.6	CAAGGATGACCATCAAATCAGA	Suv39h1
Suv39h1.7	AAACTGTGTTGTTGAGTTAATA	Suv39h1
Suv39h1.9	CTGGGTCCACTTGTCTCAGTTA	Suv39h1
Suv39h2.1	ATAGCATTGTTCTCTACAAGAA	Suv39h2
Suv39h2.10	CTCAGACTGTCACCTCATGTTA	Suv39h2
Suv39h2.2	TTTGAGAGAAGCTACAGTATTA	Suv39h2
Suv39h2.3	CCAGTGTTTGACTGTCTAGATA	Suv39h2
Suv39h2.5	AAAGTATGGTTTCATAGATTAA	Suv39h2
Suv39h2.6	TCAAGTTGTATGAGAAGGTATA	Suv39h2
Suv39h2.7	AAAGGGTCAGAACCCAATGTAA	Suv39h2
Suv39h2.9	TCAGAGACAAATAAGTGCTGAA	Suv39h2
Suv420h1.1	GGAGGTGGACGACTACAGTCAA	Suv420h1
Suv420h1.10	TTTGGTTCTTGATCCCTACTTA	Suv420h1
Suv420h1.2	CCAAGCTCAAGATCCAGCTCAA	Suv420h1
Suv420h1.3	TACGGACTTAGAGAAACAGATA	Suv420h1
Suv420h1.4	CCCAGATGGAGGTGGACGACTA	Suv420h1
Suv420h1.5	GCTGAGGCTAATTGTTGGTAAA	Suv420h1
Suv420h1.9	TAAGGCTCTGAGAGATATTGAA	Suv420h1
Suv420h2.1	CCCGCTACTCCATGGAGACCAA	Suv420h2
Suv420h2.10	GAAGAGGATGAAGACCTGCTTA	Suv420h2
Suv420h2.2	TAGAGAGCTGATCCTTGTTCTA	Suv420h2
Suv420h2.4	TCAGCACTGGAAGCTTTCCTAA	Suv420h2
Suv420h2.5	GTTCTATTGATCTGGACATCAA	Suv420h2
Suv420h2.7	ACTGCAAGTTTGTGCCCTCAGA	Suv420h2
Suv420h2.8	AATGAGCACTGTGAATGCTATA	Suv420h2
Taf1.10	TACGGATGGAAGATATAAAGAA	Taf1
Taf1.3	CCAGATGAAGATTGATGATGAA	Taf1
Taf1.4	GGAGGTGGAATCTAAAGTTCAA	Taf1
Taf1.5	GAAAGATATTTGTACAGCTAAA	Taf1
Taf1.6	TCACAGTCTAGATGTGACAGAA	Taf1
Taf1.7	AATGCTGATTGTTGAGAAGTTA	Taf1
Taf1.8	ATAGCTGCTGAACAGAGACTAA	Taf1
Taf1.9	ACGGATGGAAGATATAAAGAAA	Taf1
Taok1.1	GCAGGTTATTATGAGCAAGTTA	Taok1
Taok1.2	TTAGGTAAAGATTGAAACTATA	Taok1
Taok1.3	TAAGGAAGTCAAGTTTCTACAA	Taok1
Taok1.6	ATAGGTTTGTGTTTATAGCCTA	Taok1
Taok1.7	CACCAGAGGTTGTAGACCTATA	Taok1
Taok1.8	ACTGGTAATAATTGTTCTGCAA	Taok1
Taok1.9	AAAGGATGAAGAGTGTGCTGTA	Taok1
Tert.1	TTAGGTTCTTACAACAGATCAA	Tert
Tert.10	CCTGCTGCTATGCTATCCTGAA	Tert
Tert.3	TCAGGTTATGCCCAGACCTCAA	Tert
Tert.4	ACAGGCTCTTCTTCTACCGTAA	Tert
Tert.6	GCCGCTTCTTTAAGAACTTAAA	Tert
Tert.7	ACCCCTCATTCCTACTCAGCAA	Tert
Tert.8	CAAGCATCCTGCTGCTATGCTA	Tert
Tert.9	ATTGCAGGTTTCGAACAGCAAA	Tert
Tet2.1	AGCTCTGAACAGTATTCAAAGC	Tet2
Tet2.2	TGGATGTAAGTTTGCCAGAAGC	Tet2
Tet2.3	GTAGGACTATAATGTATAGATA	Tet2
Tet2.4	CCAGGATCTCACTTGTACTGTA	Tet2
Tet2.5	CACCGATGTCCTTGTAGGACTA	Tet2
Tet2.6	TCTCGACGATGTTTCAGAATCA	Tet2
Tet2.7	TCAGGAAGAGCATCCTATGCAA	Tet2
Tet3.10	CATGGAGATTCAAGGCAGCTAA	Tet3
Tet3.2	AGCTCCAACGAGAAGCTATTTG	Tet3
Tet3.3	CTGCGATTGTGTCGAACAAATA	Tet3
Tet3.5	CCCGAAGAGGACTAACAGTGTA	Tet3
Tet3.6	CCCCCAAGAAGATCAAGATCGA	Tet3
Tet3.8	TACCTGCGATTGTGTCGAACAA	Tet3
Tlk1.10	ATCCGAGAGCTGAAGAGAATAA	Tlk1
Tlk1.2	GCAGGCACTCGTTAACAATCAA	Tlk1
Tlk1.3	ACAGGAATACCATGTTACAGTA	Tlk1
Tlk1.4	ACCCCAGAATAGTTAAACTCTA	Tlk1
Tlk1.6	ATACCATGTTACAGTAGAACAA	Tlk1
Tlk1.7	GCAGCTGATCTACAGAAACCAA	Tlk1
Tlk1.9	ACACATAGAAACTAGATTTATA	Tlk1
Tlk2.1	GTCCCAGCAAGATATTCTACAA	Tlk2
Tlk2.2	TTTGAGACGACAGATAGATGAA	Tlk2
Tlk2.4	TCACAGAGAGAAGAGATAGAAA	Tlk2
Tlk2.5	GACCAAAGAAAGTATTAATTTA	Tlk2
Tlk2.6	TATGCAGATTGTGAATGCTTTA	Tlk2
Tlk2.7	AAAAGATGCTAGAGAAATACAA	Tlk2
Tlk2.8	GAACGATTAAATAGATGTGTCA	Tlk2
Tlk2.9	CATGGATGATGATAGCTACAAT	Tlk2
Tnip3.1	ACCGCGAGTCAACAGAGACATA	Tnip3
Tnip3.10	CTAGGTGACAAGTTCATTATTA	Tnip3
Tnip3.2	TAAGGATGAATGTTCCTGACAA	Tnip3
Tnip3.3	TCAGCTCTAGGAAGACATTCTA	Tnip3
Tnip3.4	GCAGCTTGTCTAACTCAAACTA	Tnip3
Tnip3.6	CCAGTAGAACTCTACAGACAAA	Tnip3
Tnip3.7	CCCAGTAGAACTCTACAGACAA	Tnip3
Tnip3.8	TCTGGTGCTGTGACATTATATA	Tnip3
Tnip3.9	ATACATGGTTTGTCTATTCAAA	Tnip3
Traf7.1	CCCCGCTGTTACTTGTACCAGA	Traf7
Traf7.10	GCACGCTGGTGTCTTCCCACAA	Traf7
Traf7.2	CTCAGCAGATCTTCAAGTGCAA	Traf7
Traf7.3	CTCAGAGAAGATTGACCAGCTA	Traf7
Traf7.4	CCAAGCTGACAGTAGTGGTGAA	Traf7
Traf7.5	TCAGGGTCTGGAGTATGGACAA	Traf7
Traf7.6	GTGGCTCTTACCAGACAATCAA	Traf7
Traf7.9	GCTCTTCTGACAAGACAATCAA	Traf7
Trdmt1.1	ACTGGAAGACTTTGACAAGCTA	Trdmt1
Trdmt1.10	TCAGCAGGAACTTAAATGTGTA	Trdmt1
Trdmt1.2	TAAGCTTGAGACTGTAGAAGAA	Trdmt1
Trdmt1.4	ACTCACTTACTGTCAAAGACAA	Trdmt1
Trdmt1.5	GCAGATTGAGAATATCTACAAA	Trdmt1
Trdmt1.6	CTAGCTAGTGCTGTTCATGCTA	Trdmt1
Trdmt1.7	CCTGCTCTGTGATACGATTTAA	Trdmt1
Trdmt1.9	CAAGGACAACTAGCTTCTTGTA	Trdmt1
Trim 33.8	TCTGGAATGTGTTGTAGAAGTT	Trim 33
Trim33.1	GCAGGACGAAGATGATGGTGAA	Trim33
Trim33.2	ACAGGTATGTACTAGTTGTGAA	Trim33
Trim33.3	CATGGACCTTGTTCTATATGTA	Trim33
Trim33.4	ATCGGTTGTTAAGAAGAAGGAA	Trim33
Trim33.5	GCTGGCTCAAGTAGTTTAGATA	Trim33
Trim33.6	CCAGCTCCTATACCAACAACAA	Trim33
Trim33.7	ACAGAGCTATGATAAAGCATTA	Trim33
Trim33.9	TTACCTCTATTGTCACGAATTA	Trim33
Trmt11.10	TATCAGAGAATCTACAAGAAGA	Trmt11
Trmt11.2	GTAGGTAATTAATAGTGATTTA	Trmt11
Trmt11.3	GCAGATGGACAAAGAGAGCTAA	Trmt11
Trmt11.4	CTGCATTCAGATTCGACATATA	Trmt11
Trmt11.5	TCCCATTAATTCTAGCTGCTAA	Trmt11
Trmt11.7	GAAGATATTGCAAGAAACTTAA	Trmt11
Trmt11.8	CAAGAAGATCAGGTTCACAGAA	Trmt11
Trrap.1	TCCGGAAGATGTTCACCATTCA	Trrap
Trrap.10	TTCCAGAAGACCTCGAACTAAA	Trrap
Trrap.3	CCCGAGTGGAGATTGTGCAGAA	Trrap
Trrap.4	GCAGCAACAGGAAGATGTTGAA	Trrap
Trrap.6	TCACCAGTGTGTTTATAACCAA	Trrap
Trrap.7	TCTGAGCATTGAGAATGTTCTA	Trrap
Trrap.9	TTAGAGATTTACTATCATTGTA	Trrap
Uba2.1	AGAGGAAGATGCTGATCAAGAA	Uba2
Uba2.10	ACTGCCTGGTATGTCTGTGTAA	Uba2
Uba2.3	AAAGGATGTTGAATTTGAAGTA	Uba2
Uba2.4	CATAGTTGATTCAGACGAAGAA	Uba2
Uba2.6	TCGAGACTGTTGCTGTGTTGAA	Uba2
Uba2.7	ATTCCTGCTATAGCTACTACTA	Uba2
Uba2.8	TTCACAGAAGTGTCAAGTGCTA	Uba2
Uba2.9	CTTGATAGTGTTGGAAGGATTA	Uba2
Ube2a.1	AAAGCGTGTTTCTGCAATAGTA	Ube2a
Ube2a.10	GAAGAATGTATTTAGAATATGA	Ube2a
Ube2a.2	GTGCGAGATATTCATAGTGTAA	Ube2a
Ube2a.4	TGTGCGAGATATTCATAGTGTA	Ube2a
Ube2a.5	GATGGTAGTATATGTCTGGATA	Ube2a
Ube2a.6	CTACTGTTAGATTTGTCTCTAA	Ube2a
Ube2a.7	CCTGGGTTACTTGCAAACATTA	Ube2a
Ube2a.8	TCACCTTATTCCTAATTCATTA	Ube2a
Ube2b.1	CATCGTTGTTGTGTATAATTTA	Ube2b
Ube2b.10	TCTGGTTCTGTCCAGCTCTGTA	Ube2b
Ube2b.5	CATGCAGTGGAATGCAGTTATA	Ube2b
Ube2b.6	TCACCTCCTCAGTTGTATCCAA	Ube2b
Ube2b.8	GTAGAAAGCTAATACAAAGCTA	Ube2b
Ube2b.9	GCGGGATTTCAAGCGATTGCAA	Ube2b
Ube2e1.10	CCTGGCTACAAGACACCATGTA	Ube2e1
Ube2e1.3	ATAGGTACATGTCATTTATGTA	Ube2e1
Ube2e1.4	CCCCCAAGAAGAAGGAGAGTAA	Ube2e1
Ube2e1.5	TCAGCTTAAATTTGTATAGGTA	Ube2e1
Ube2e1.7	CCCCAAGAAGAAGGAGAGTAAA	Ube2e1
Ube2e1.8	CTGCATTTGTGCTAATAAACAA	Ube2e1
Ube2e1.9	TATCAGATATTATTCAGTCTTA	Ube2e1
Ube2i.1	GTTGCTGTTTAGAGTAAATAAA	Ube2i
Ube2i.10	ACACCTCCTGACCTGCATTCAA	Ube2i
Ube2i.2	ACACATGTATATGGTTAATATA	Ube2i
Ube2i.3	TCTGTGTTGCTGTTTAGAGTAA	Ube2i
Ube2i.4	CTTGGCAAGAACTTGTTTACAA	Ube2i
Ube2i.5	TTAGGAATACAAGAACTTCTAA	Ube2i
Ube2i.6	TACCAGAGATGTGAATCTTGTA	Ube2i
Ube2i.7	ACAGATCTTATTAGGAATACAA	Ube2i
Ubr7.10	CCAGGATATCTGCTGAAGATGA	Ubr7
Ubr7.2	TTACAGTATTACTGCAGCTAAA	Ubr7
Ubr7.3	GCAGCAGTTGTATGCATGAATA	Ubr7
Ubr7.4	CCTGAAGAGATTTGCTGATGAA	Ubr7
Ubr7.5	GCACGGTTGTTAAGAGAGAAGA	Ubr7
Ubr7.6	CAGGGATATGCAGAAACATATA	Ubr7
Ubr7.7	CAACATCAGCGTTAGTACTGTA	Ubr7
Ubr7.9	AAGGCACGGTTGTTAAGAGAGA	Ubr7
Uhrf2.1	TCAGAAGGAATCGAACGATCAA	Uhrf2
Uhrf2.10	ATTGACTAATTAGTTAAATGAA	Uhrf2
Uhrf2.2	GAAGCACATATACATAGTGTTA	Uhrf2
Uhrf2.4	AAAGGACTAATGGAAATGTAAA	Uhrf2
Uhrf2.5	AAAGTGGTATACTAGAGATGAA	Uhrf2
Uhrf2.7	GTTGGATCAACTTGGAGATTCA	Uhrf2
Uhrf2.8	CCGAGTGATGTCTGTAGATGAA	Uhrf2
Uhrf2.9	GCAGAATTATGTCATGGTTCTA	Uhrf2
Usp47.1	ATCAGACAGTTACAGAGTTTAA	Usp47
Usp47.2	GAAGGGAGAGTACAGAGTTAAA	Usp47
Usp47.3	GATGGTGCATGTTGATAAGAGA	Usp47
Usp47.5	AAAGTCTGTGGATGCTATTCTA	Usp47
Usp47.6	CCTGGATCGACATGCAAATACA	Usp47
Usp47.7	CCAGCTCTTAGTCAATGAGCAA	Usp47
Usp47.8	ACAGGATGCTCATAGCTTAATA	Usp47
Usp47.9	GAGGGAGAAGAAGATACACCAA	Usp47
Vrk1.2	TAAGGAAGAAAGAGCACAGTAA	Vrk1
Vrk1.3	GCCGTGGTGTGTTCAGAATATA	Vrk1
Vrk1.4	CAACCTGTTGGTTAAATATTAA	Vrk1
Vrk1.5	TTACAGTCTGTATGACATCCTA	Vrk1
Vrk1.7	CTGGGGTGTTAGTAATAATTGA	Vrk1
Vrk1.8	ACAACCTGTTGGTTAAATATTA	Vrk1
Vrk1.9	TACAAGTCGTTGTGACAATAAA	Vrk1
Wbp7.10	TATGGATGAAGATCCTCCCAAA	Wbp7
Wbp7.4	ATACCGGAAGTGTGACAAGATA	Wbp7
Wbp7.6	CCAAGATCATCCTTGTCAACAA	Wbp7
Wbp7.7	GACCCAGGATGTAGATATTGTA	Wbp7
Wbp7.8	GCAGTTATTCAAGATCGATCAA	Wbp7
Wbp7.9	ATTCAAGATCGATCAACAGCAA	Wbp7
Whsc1.2	TAAAGTTATGATTGAAGATTAA	Whsc1
Whsc1.3	ACAGAGCTGACTTTCAACTATA	Whsc1
Whsc1.5	GAGGGATCGGAAGAGTCTTCAA	Whsc1
Whsc1.6	ACTCCTTCACAATCATACCAAA	Whsc1
Whsc1.8	TCACAATCATACCAAACTTAAA	Whsc1
Whsc1.9	ATAGCCTATGTTCTTTGTATTA	Whsc1
Whsc1l1.1	TCCCAAGCAAAGAAGAATGTTA	Whsc1l1
Whsc1l1.10	TAACCACAGTGACATTGTTGAA	Whsc1l1
Whsc1l1.2	TTTGGTGCAGTTAGAAACTTTA	Whsc1l1
Whsc1l1.3	ATTGATCAGTTTGTTTATTCAA	Whsc1l1
Whsc1l1.5	CAAAGAAGAATGTTACCTCTAA	Whsc1l1
Whsc1l1.6	CCAAGAGATTATTGCTTTGTAA	Whsc1l1
Whsc1l1.7	GTGGACTGAGATTCCTGTACAA	Whsc1l1
Whsc1l1.8	AATCAGCTTGTATGAAACTCAA	Whsc1l1
Whsc1l1.9	ACTGACTATTACCATTCAGAAA	Whsc1l1
Zcchc11.1	GCTGGAACAGACTGCAGATCAA	Zcchc11
Zcchc11.10	AAAGAAGAAAGACAGTGAAGAA	Zcchc11
Zcchc11.3	GAAGCTAAATCATGTAAAGTAA	Zcchc11
Zcchc11.4	ACACAAGAATGCTAGCTACTTA	Zcchc11
Zcchc11.5	ACTAGAAGGTGATATCAGTTTA	Zcchc11
Zcchc11.6	CCAAGAAGACAGAAACAGACAA	Zcchc11
Zcchc11.7	ACACAGGAGAAGTGGACTAGAA	Zcchc11
Zcchc11.9	GAAGGTGATATCAGTTTATATA	Zcchc11
Zcchc4.1	ACCGGATAGAAATGCAAATGAA	Zcchc4
Zcchc4.10	ACCAGCACTGTGTGCATTGTAA	Zcchc4
Zcchc4.4	ACGGATGTTCAGTACCTGTTTA	Zcchc4
Zcchc4.5	GCAGGTCGATTTCTGAGTTTGA	Zcchc4
Zcchc4.6	GACGGATGTTCAGTACCTGTTT	Zcchc4
Zcchc4.8	TCAGTACCTGTTTACTTCGATA	Zcchc4
Zcchc4.9	GAAGGGAGGCACTAAAGGACAA	Zcchc4
Nons	CTCTCGCTTGGGCGAGAGTAAG	Nons
Luc	ACCGCCTGAAGTCTCTGATTAA	Luc
Ren	TAGGAATTATAATGCTTATCTA	Ren
Nons60	AGTCATAAGAGTCGATCACTAA	Nons60
Nons62	AGAGGTATTCAGATTCGTTAAA	Nons62
Nons65	AGACTGTAATATTGATCTGTAT	Nons65
Nons68	AGGAGAACCTCGTAACCATATA	Nons68
